Rank,Original Order,Player Name,Popularity Score,Popularity Tier,Score Type,Confidence,Basis / Notes,Duplicate Count
1,308,Mohamed Salah,100,Global / all-time icon,Manual tier,High,Global football superstar / Egypt icon,1
2,248,Mohamed Aboutrika,97,Global / all-time icon,Manual tier,High,All-time Egyptian and African club icon,1
3,198,Mahmoud El-Khatib (Bibo),96,Global / all-time icon,Manual tier,High,All-time Egyptian football icon,1
4,236,Essam El-Hadary,95,Global / all-time icon,Manual tier,High,World Cup / AFCON-winning Egypt icon,1
5,223,Hossam Hassan,94,International superstar / elite icon,Manual tier,High,Egypt all-time national-team icon,1
6,328,Omar Marmoush,94,International superstar / elite icon,Manual tier,High,Current global-profile Egyptian star,1
7,241,Ahmed Hassan,92,International superstar / elite icon,Manual tier,High,Egypt national-team legend,1
8,175,Saleh Selim,92,International superstar / elite icon,Manual tier,High,Historic Al Ahly/Egypt icon,1
9,191,Hassan Shehata,91,International superstar / elite icon,Manual tier,High,Legendary Egypt player/coach figure,1
10,262,Mido (Ahmed Hossam),91,International superstar / elite icon,Manual tier,High,European-profile Egyptian star,1
11,168,Mokhtar El-Tetsh,90,International superstar / elite icon,Manual tier,High,Historic Egyptian football icon,1
12,317,Trézéguet (Mahmoud Hassan),90,International superstar / elite icon,Manual tier,High,European-profile Egyptian international,1
13,421,Florent Malouda,89,Continental or national star,Manual tier,High,Global-profile former France/Chelsea star,1
14,242,Hazem Emam,89,Continental or national star,Manual tier,High,Major Egyptian/Zamalek icon,1
15,309,Mohamed Elneny,89,Continental or national star,Manual tier,High,European-profile Egyptian international,1
16,281,Shikabala (Mahmoud Abdel Razek),89,Continental or national star,Manual tier,High,Major Egyptian/Zamalek icon,1
17,261,Emad Moteab,88,Continental or national star,Manual tier,High,Egypt/Al Ahly attacking icon,1
18,244,Mohamed Barakat,88,Continental or national star,Manual tier,High,Egypt/Al Ahly attacking icon,1
19,257,Mohamed Zidan,88,Continental or national star,Manual tier,High,European-profile Egyptian international,1
20,243,Wael Gomaa,88,Continental or national star,Manual tier,High,Egypt/Al Ahly defensive icon,1
21,288,Ahmed Elmohamady,87,Continental or national star,Manual tier,High,Premier League-profile Egyptian international,1
22,272,Ahmed Fathy,87,Continental or national star,Manual tier,High,Egypt/Al Ahly national-team star,1
23,492,Ali Maâloul,87,Continental or national star,Manual tier,High,Al Ahly/Tunisia star,1
24,207,Magdi Abdelghani,87,Continental or national star,Manual tier,High,Historic Egypt World Cup figure,1
25,214,Taher Abouzeid,87,Continental or national star,Manual tier,High,Egypt/Al Ahly legend,1
26,174,Ad-Diba (Mohamed Diab El-Attar),86,Continental or national star,Manual tier,High,Historic Egyptian football legend,1
27,211,Ahmed Shobair,86,Continental or national star,Manual tier,High,Egypt/Al Ahly goalkeeper icon,1
28,185,Hamada Emam,86,Continental or national star,Manual tier,High,Zamalek/Egypt legend,1
29,184,Hassan El-Shazly,86,Continental or national star,Manual tier,High,Historic Egyptian league legend,1
30,293,Mohamed El-Shenawy,86,Continental or national star,Manual tier,High,Egypt/Al Ahly goalkeeper star,1
31,324,Mostafa Mohamed,86,Continental or national star,Manual tier,High,European-profile Egyptian striker,1
32,482,Percy Tau,86,Continental or national star,Manual tier,High,African/Al Ahly star,1
33,322,Ramadan Sobhi,86,Continental or national star,Manual tier,High,High-profile Egyptian winger,1
34,277,Abdallah El-Said,85,Continental or national star,Manual tier,High,Major Egyptian playmaker,1
35,445,Achraf Bencharki,85,Continental or national star,Manual tier,High,Major Moroccan/Zamalek star,1
36,319,Ahmed Sayed (Zizo),85,Continental or national star,Manual tier,High,Major modern Egyptian/Zamalek star,1
37,598,Bencharki,85,Continental or national star,Manual tier,High,Major Moroccan/Zamalek star,1
38,224,Ibrahim Hassan,85,Continental or national star,Manual tier,High,Egypt national-team icon,1
39,169,Abdulrahman Fawzi,84,Continental or national star,Manual tier,High,Historic Egypt World Cup figure,1
40,302,Ahmed Hegazi,84,Continental or national star,Manual tier,High,European-profile Egyptian international,1
41,264,Amr Zaki,84,Continental or national star,Manual tier,High,Premier League-profile Egyptian forward,1
42,325,Emam Ashour,84,Continental or national star,Manual tier,High,High-profile modern Egyptian midfielder,1
43,196,Farouk Gaafar,84,Continental or national star,Manual tier,High,Zamalek/Egypt legend,1
44,493,Ferjani Sassi,84,Continental or national star,Manual tier,High,Tunisia/Zamalek star,1
45,225,Hany Ramzy,84,Continental or national star,Manual tier,High,European-profile Egypt defender,1
46,258,Hossam Ghaly,84,Continental or national star,Manual tier,High,European-profile Egyptian midfielder,1
47,313,Kahraba (Mahmoud Abdel-Moneim),84,Continental or national star,Manual tier,High,High-profile Egyptian forward,1
48,227,Khaled El-Ghandour,84,Continental or national star,Manual tier,High,Zamalek/Egypt icon,1
49,176,Rifaat El-Fanagily,84,Continental or national star,Manual tier,High,Historic Egyptian football icon,1
50,186,Shehta El-Iskandarani,84,Continental or national star,Manual tier,High,Historic Egyptian football figure,1
51,273,Walid Soliman,84,Continental or national star,Manual tier,High,Al Ahly star,1
52,471,Emmanuel Amuneke,83,Continental or national star,Manual tier,High,Nigeria/African football icon,1
53,203,Gamal Abdel-Hamid,83,Continental or national star,Manual tier,High,Zamalek/Egypt star,1
54,271,Hosny Abd Rabo,83,Continental or national star,Manual tier,High,Egypt/Ismaily star,1
55,178,Mimi El-Sherbini,83,Continental or national star,Manual tier,High,Historic Al Ahly/Egypt figure,1
56,276,Mohamed Abdel-Shafy,83,Continental or national star,Manual tier,High,Zamalek/Egypt star,1
57,197,Moustafa Abdou,83,Continental or national star,Manual tier,High,Al Ahly/Egypt star,1
58,200,Moustafa Abdou (Cherif),83,Continental or national star,Manual tier,High,Al Ahly/Egypt star,1
59,210,Rabie Yassin,83,Continental or national star,Manual tier,High,Egypt/Al Ahly star,1
60,292,Tarek Hamed,83,Continental or national star,Manual tier,High,Major Egypt/Zamalek midfielder,1
61,108,Abdel Halim Ali,82,Continental or national star,Manual tier,High,Zamalek scoring icon,1
62,218,Ayman Younes,82,Continental or national star,Manual tier,High,Zamalek/Egypt star,1
63,270,Gedo (Mohamed Nagy),82,Continental or national star,Manual tier,High,Egypt/AFCON 2010 star,1
64,315,Hussein El Shahat,82,Continental or national star,Manual tier,High,Al Ahly star,1
65,19,Joseph-Antoine Bell,82,Continental or national star,Manual tier,High,African goalkeeping legend,1
66,113,Khaled Bebo,82,Continental or national star,Manual tier,High,Al Ahly icon,1
67,187,Mahmoud Bakr,82,Continental or national star,Manual tier,High,Historic Egyptian football figure,1
68,327,Mohamed Abdelmonem,82,Continental or national star,Manual tier,High,Egypt/Al Ahly defensive star,1
69,295,Mohamed Abou Gabal (Gabaski),82,Continental or national star,Manual tier,High,Egypt/Zamalek goalkeeper star,1
70,602,Mohamed Aboul Gabal,82,Continental or national star,Manual tier,High,Egypt/Zamalek goalkeeper star,1
71,321,Mohamed Magdy (Afsha),82,Continental or national star,Manual tier,High,Al Ahly modern icon,1
72,68,Momen Zakaria,82,Continental or national star,Manual tier,High,Al Ahly/Egypt fan-favorite star,1
73,235,Nader El-Sayed,82,Continental or national star,Manual tier,High,Egypt/Zamalek/Al Ahly goalkeeper star,1
74,220,Ahmed El-Kass,81,Continental or national star,Manual tier,High,Egypt forward star,1
75,443,Aliou Dieng,81,Continental or national star,Manual tier,High,Al Ahly/Mali star,1
76,222,Ashraf Kasem,81,Continental or national star,Manual tier,High,Zamalek/Egypt star,1
77,320,Mohamed Sherif,81,Continental or national star,Manual tier,High,Al Ahly/Egypt striker,1
78,446,Walid Azaro,81,Continental or national star,Manual tier,High,Morocco/Al Ahly star,1
79,452,Badr Benoun,80,Continental or national star,Manual tier,High,Morocco/Al Ahly defender,1
80,111,Hany Said,80,Continental or national star,Manual tier,High,Egypt defender,1
81,219,Ismail Youssef,80,Continental or national star,Manual tier,High,Zamalek/Egypt star,1
82,498,Mohamed Hany,80,Continental or national star,Manual tier,High,Al Ahly/Egypt defender,1
83,552,Omar Khribin,80,Continental or national star,Manual tier,High,Asian/Syrian star,1
84,484,Seifeddine Jaziri,80,Continental or national star,Manual tier,High,Tunisia/Zamalek striker,1
85,188,Taha Basry,80,Continental or national star,Manual tier,High,Zamalek/Egypt figure,1
86,177,Tarek Selim,80,Continental or national star,Manual tier,High,Al Ahly/Egypt historic figure,1
87,742,Thabet El-Batal,80,Continental or national star,Manual tier,High,Al Ahly goalkeeper icon,1
88,449,Yahya Attiat Allah,80,Continental or national star,Manual tier,High,Morocco international / North African star,1
89,420,Anthony Modeste,79,Major domestic star,Manual tier,High,European-profile striker,1
90,487,Fakhreddine Ben Youssef,79,Major domestic star,Manual tier,High,Tunisia/Egyptian league star,1
91,316,Hamdi Fathi,79,Major domestic star,Manual tier,High,Al Ahly/Egypt midfielder,1
92,517,Mahmoud Hamdy El Wensh,79,Major domestic star,Manual tier,High,Zamalek/Egypt defender,1
93,109,Reda Abdel Aal,79,Major domestic star,Manual tier,High,High-profile Egyptian player/media figure,1
94,238,Abdel Sattar Sabry,78,Major domestic star,Manual tier,High,Egypt/European-profile midfielder,1
95,342,Abdelwahed El Sayed,78,Major domestic star,Manual tier,High,Zamalek goalkeeper star,1
96,310,Ahmed Hassan Kouka,78,Major domestic star,Manual tier,High,European-profile Egyptian striker,1
97,110,Emad El Nahhas,78,Major domestic star,Manual tier,High,Egypt/Al Ahly defender,1
98,514,Gaston Sirino,78,Major domestic star,Manual tier,High,Al Ahly/Sundowns-profile player,1
99,107,Ibrahim Adel,78,Major domestic star,Manual tier,High,Modern Egyptian/Pyramids star,1
100,476,Junior Ajayi,78,Major domestic star,Manual tier,High,Al Ahly foreign star,1
101,515,Mohamed Ali Ben Romdhane,78,Major domestic star,Manual tier,High,Tunisia/Al Ahly star,1
102,112,Mohamed Emara,78,Major domestic star,Manual tier,High,Egypt/Al Ahly/Zamalek player,1
103,39,Mohamed Homos,78,Major domestic star,Manual tier,High,Ismaily/Egypt star,1
104,304,Sam Morsy,78,Major domestic star,Manual tier,High,European-profile Egyptian international,1
105,253,Ahmed Belal,77,Major domestic star,Manual tier,High,Al Ahly/Egypt striker,1
106,519,Ahmed Fatouh,77,Major domestic star,Manual tier,High,Zamalek/Egypt defender,1
107,396,Ahmed Hamoudi,77,Major domestic star,Manual tier,High,Egypt/Al Ahly-Zamalek player,1
108,66,Amr El-Sulaya,77,Major domestic star,Manual tier,High,Al Ahly/Egypt midfielder,1
109,312,Amr Warda,77,Major domestic star,Manual tier,High,European-profile Egyptian winger,1
110,86,Ayman Ashraf,77,Major domestic star,Manual tier,High,Al Ahly/Egypt defender,1
111,5,Flávio Amado,77,Major domestic star,Manual tier,High,Al Ahly/Angola star,1
112,115,Gamal Hamza,77,Major domestic star,Manual tier,High,Zamalek forward star,1
113,282,Hossam Ashour,77,Major domestic star,Manual tier,High,Al Ahly title-winning midfielder,1
114,32,Islam El-Shater,77,Major domestic star,Manual tier,High,Al Ahly/Zamalek player,1
115,472,John Utaka,77,Major domestic star,Manual tier,High,European-profile Nigerian forward,1
116,46,Ahmed El-Shenawy,76,Major domestic star,Manual tier,High,Egypt/Zamalek-Pyramids goalkeeper,1
117,294,Ali Gabr,76,Major domestic star,Manual tier,High,Zamalek/Egypt defender,1
118,553,Cristian Benavente,76,Major domestic star,Manual tier,High,International-profile attacking midfielder,1
119,554,Diego Rolán,76,Major domestic star,Manual tier,High,European/South American-profile forward,1
120,6,Gilberto (Felisberto Sebastião),76,Major domestic star,Manual tier,High,Al Ahly/Angola star,1
121,486,Hamdi Nagguez,76,Major domestic star,Manual tier,High,Tunisia/Zamalek defender,1
122,485,Hamza Mathlouthi,76,Major domestic star,Manual tier,High,Tunisia/Zamalek defender,1
123,551,Keno,76,Major domestic star,Manual tier,High,Brazilian/Asian-profile winger,1
124,454,Khalid Boutaïb,76,Major domestic star,Manual tier,High,Morocco/Zamalek forward,1
125,303,Mahmoud Alaa,76,Major domestic star,Manual tier,High,Zamalek/Egypt defender,1
126,326,Marwan Attia,76,Major domestic star,Manual tier,High,Al Ahly/Egypt midfielder,1
127,73,Marwan Mohsen,76,Major domestic star,Manual tier,High,Egypt/Al Ahly striker,1
128,314,Moustafa Fathi,76,Major domestic star,Manual tier,High,Egypt/Zamalek winger,1
129,250,Sayed Moawad,76,Major domestic star,Manual tier,High,Al Ahly/Egypt defender,1
130,448,Walid El Karti,76,Major domestic star,Manual tier,High,Morocco/Pyramids star,1
131,740,Adel Heikal,75,Major domestic star,Manual tier,High,Al Ahly/Egypt goalkeeper legend,1
132,279,Ayman Hefny,75,Major domestic star,Manual tier,High,Zamalek playmaker,1
133,305,Basem Morsy,75,Major domestic star,Manual tier,High,Zamalek/Egypt striker,1
134,741,Ekramy El-Shahat,75,Major domestic star,Manual tier,High,Al Ahly/Egypt goalkeeper figure,1
135,435,John Antwi,75,Major domestic star,Manual tier,High,Egyptian league foreign star,1
136,58,Karim Hafez,75,Major domestic star,Manual tier,High,European-profile Egyptian full-back,1
137,43,Mahmoud Fathallah,75,Major domestic star,Manual tier,High,Zamalek/Egypt defender,1
138,48,Mahmoud Genesh,75,Major domestic star,Manual tier,High,Zamalek goalkeeper,1
139,47,Mohamed Awad,75,Major domestic star,Manual tier,High,Zamalek/Egypt goalkeeper,1
140,447,Mohamed Chibi,75,Major domestic star,Manual tier,High,Morocco/Pyramids defender,1
141,307,Mohamed Ibrahim,75,Major domestic star,Manual tier,High,Zamalek/Egypt playmaker,1
142,59,Omar Gaber,75,Major domestic star,Manual tier,High,Zamalek/Egypt defender,1
143,269,Sayed Hamdy,75,Major domestic star,Manual tier,High,Al Ahly/Egypt striker,1
144,478,Wessam Abou Ali,75,Major domestic star,Manual tier,High,Al Ahly/Palestine striker,1
145,134,Ahmed Abdel Kader,74,Major domestic star,Manual tier,Medium,Al Ahly/Egypt winger,1
146,323,Akram Tawfik,74,Major domestic star,Manual tier,Medium,Al Ahly/Egypt player,1
147,213,Alaa Mayhoub,74,Major domestic star,Manual tier,Medium,Al Ahly/Egypt player,1
148,12,Aristide Bancé,74,Major domestic star,Manual tier,Medium,Burkina Faso/African striker,1
149,22,Ben Malango,74,Major domestic star,Manual tier,Medium,African club striker,1
150,30,Fiston Mayele,74,Major domestic star,Manual tier,Medium,African club striker,1
151,7,Gelson Dala,74,Major domestic star,Manual tier,Medium,Angola international,1
152,459,Luís Miquissone,74,Major domestic star,Manual tier,Medium,Al Ahly/Mozambique winger,1
153,3,Mabululu,74,Major domestic star,Manual tier,Medium,Egyptian league Angolan scoring star,1
154,422,Malick Evouna,74,Major domestic star,Manual tier,Medium,Al Ahly/Gabon striker,1
155,103,Mostafa Shalaby,74,Major domestic star,Manual tier,Medium,Zamalek/Egypt winger,1
156,106,Taher Mohamed,74,Major domestic star,Manual tier,Medium,Al Ahly/Egypt winger,1
157,460,Victorien Adebayor,74,Major domestic star,Manual tier,Medium,Niger international / Egyptian league star,1
158,87,Yasser Ibrahim,74,Major domestic star,Manual tier,Medium,Al Ahly defender,1
159,71,Youssef Obama,74,Major domestic star,Manual tier,Medium,Zamalek player,1
160,1,Ahmed Kendouci,73,Major domestic star,Manual tier,Medium,Al Ahly/Algeria midfielder,1
161,98,Ahmed Refaat,73,Major domestic star,Manual tier,Medium,Modern Egyptian winger,1
162,479,Aliou Badji,73,Major domestic star,Manual tier,Medium,Al Ahly/Senegal striker,1
163,2,Amir Sayoud,73,Major domestic star,Manual tier,Medium,Algeria/Al Ahly-profile playmaker,1
164,490,Mohamed Dhaoui Cristo,73,Major domestic star,Manual tier,Medium,Tunisia/Al Ahly winger,1
165,453,Mohamed Ounajem,73,Major domestic star,Manual tier,Medium,Morocco/Zamalek winger,1
166,40,Mohamed Sobhi,73,Major domestic star,Manual tier,Medium,Zamalek/Egypt goalkeeper,1
167,497,Mostafa Shobeir,73,Major domestic star,Manual tier,Medium,Al Ahly goalkeeper,1
168,64,Nasser Maher,73,Major domestic star,Manual tier,Medium,Al Ahly/Zamalek/Pyramids-profile midfielder,1
169,296,Saad Samir,73,Major domestic star,Manual tier,Medium,Al Ahly/Egypt defender,1
170,62,Saleh Gomaa,73,Major domestic star,Manual tier,Medium,Egypt/Al Ahly midfielder,1
171,80,Ahmed Abdel Zaher,72,Major domestic star,Manual tier,Medium,Al Ahly/Egypt striker,1
172,33,Ahmed Samir Farag,72,Major domestic star,Manual tier,Medium,Ismaily/Al Ahly player,1
173,74,Ahmed Yasser Rayan,72,Major domestic star,Manual tier,Medium,Al Ahly/Egypt striker,1
174,130,Amr Gamal,72,Major domestic star,Manual tier,Medium,Al Ahly/Egypt striker,1
175,4,Geraldo,72,Major domestic star,Manual tier,Medium,Al Ahly/Angola winger,1
176,79,Hossam Paulo,72,Major domestic star,Manual tier,Medium,Egyptian league top scorer,1
177,83,Hussein Sayed,72,Major domestic star,Manual tier,Medium,Al Ahly/Zamalek player,1
178,90,Karim Fouad,72,Major domestic star,Manual tier,Medium,Al Ahly/Egypt player,1
179,38,Mohamed Fadl,72,Major domestic star,Manual tier,Medium,Al Ahly/Egypt striker,1
180,413,Mohamed Magdy,72,Major domestic star,Manual tier,Medium,Recognized Egyptian league player,1
181,132,Omar Kamal Abdel Wahed,72,Major domestic star,Manual tier,Medium,Modern Egyptian utility player,1
182,84,Sabri Rahil,72,Major domestic star,Manual tier,Medium,Al Ahly/Zamalek player,1
183,75,Salah Mohsen,72,Major domestic star,Manual tier,Medium,Al Ahly/Egypt striker,1
184,120,Tamer Abdel Hamid,72,Major domestic star,Manual tier,Medium,Zamalek player,1
185,27,Wilfried Kanon,72,Major domestic star,Manual tier,Medium,Ivory Coast/Pyramids defender,1
186,494,Emmanuel Okwi,71,Major domestic star,Manual tier,Medium,Uganda/African league star,1
187,451,Hamid Ahaddad,71,Major domestic star,Manual tier,Medium,Morocco/Zamalek forward,1
188,23,Kabongo Kasongo,71,Major domestic star,Manual tier,Medium,Zamalek/DR Congo striker,1
189,436,Mathias Pogba,71,Major domestic star,Manual tier,Medium,Recognized surname/international profile,1
190,24,Walter Bwalya,71,Major domestic star,Manual tier,Medium,Al Ahly/Zambia striker,1
191,751,Abdel Moneim Shatta,70,Major domestic star,Manual tier,Medium,Al Ahly/Egypt football figure,1
192,745,Ayman Taher,70,Major domestic star,Manual tier,Medium,Zamalek/Egypt goalkeeper figure,1
193,516,Nejc Gradisar,70,Major domestic star,Manual tier,Medium,Al Ahly foreign striker,1
194,524,Oday Dabbagh,70,Major domestic star,Manual tier,Medium,Palestine/Zamalek-profile forward,1
195,523,Omar Faraj,70,Major domestic star,Manual tier,Medium,Zamalek/Sweden-Palestine forward,1
196,13,Patrick Malo,70,Major domestic star,Manual tier,Medium,Burkina Faso/Pyramids defender,1
197,440,Souleymane Coulibaly,70,Major domestic star,Manual tier,Medium,Al Ahly-profile foreign striker,1
198,252,Ahmed Eid Abdel Malek,69,Well-known club-level player,Manual tier,Medium,Zamalek/Egypt player,1
199,60,Ahmed Tawfik,69,Well-known club-level player,Manual tier,Medium,Recognized Egyptian league player,1
200,638,Mahmoud Dunga,69,Well-known club-level player,Manual tier,Medium,Zamalek/Pyramids midfielder,1
201,65,Mahmoud Hamada,69,Well-known club-level player,Manual tier,Medium,Egyptian international midfielder,1
202,748,Mohamed Youssef,69,Well-known club-level player,Manual tier,Medium,Al Ahly/Egypt football figure,1
203,102,Nabil Emad Dunga,69,Well-known club-level player,Manual tier,Medium,Zamalek/Pyramids midfielder,1
204,311,Ramy Rabia,69,Well-known club-level player,Manual tier,Medium,Al Ahly/Egypt defender,1
205,318,Abdallah Gomaa,68,Well-known club-level player,Manual tier,Medium,Zamalek player,1
206,105,Abdel Rahman Magdy,68,Well-known club-level player,Manual tier,Medium,Ismaily/Egypt winger,1
207,101,Ahmed Madbouli,68,Well-known club-level player,Manual tier,Medium,Zamalek/Ismaily player,1
208,286,Ibrahim Salah,68,Well-known club-level player,Manual tier,Medium,Zamalek/Egypt midfielder,1
209,131,Marwan Hamdy,68,Well-known club-level player,Manual tier,Medium,Egyptian international striker,1
210,364,Mohanad Lasheen,68,Well-known club-level player,Manual tier,Medium,Egyptian international midfielder,1
211,715,Omar Fayed,68,Well-known club-level player,Manual tier,Medium,European-profile young Egyptian defender,1
212,91,Osama Galal,68,Well-known club-level player,Manual tier,Medium,Pyramids/Egypt defender,1
213,556,Rodriguinho,68,Well-known club-level player,Manual tier,Medium,Brazilian-profile midfielder,1
214,502,Ahmed Nabil Kouka,67,Well-known club-level player,Manual tier,Medium,Al Ahly/Egypt midfielder,1
215,500,Ahmed Ramadan Beckham,67,Well-known club-level player,Manual tier,Medium,Al Ahly/Ceramica defender,1
216,499,Khaled Abdel Fattah,67,Well-known club-level player,Manual tier,Medium,Al Ahly defender,1
217,287,Mohamed El-Gabas (Dodo),67,Well-known club-level player,Manual tier,Medium,Egyptian forward,1
218,157,Mohamed Reda Bobó,67,Well-known club-level player,Manual tier,Medium,Recognized Egyptian league player,1
219,159,Mostafa Saad Messi,67,Well-known club-level player,Manual tier,Medium,Recognized modern Egyptian winger,1
220,504,Amar Hamdy,66,Well-known club-level player,Manual tier,Medium,Al Ahly/Ceramica midfielder,1
221,291,Basem Ali,66,Well-known club-level player,Manual tier,Medium,Al Ahly defender,1
222,518,Hossam Abdelmaguid,66,Well-known club-level player,Manual tier,Medium,Zamalek defender,1
223,290,Khaled Kamar,66,Well-known club-level player,Manual tier,Medium,Zamalek/Egypt striker,1
224,543,Mahmoud Saber,66,Well-known club-level player,Manual tier,Medium,Egypt Olympic midfielder,1
225,573,Abdelrahim Daghmoum,65,Well-known club-level player,Manual tier,Medium,Algerian/Egyptian league winger,1
226,719,Hamada Tolba,65,Well-known club-level player,Manual tier,Medium,Zamalek/Egypt defender,1
227,505,Hamza Alaa,65,Well-known club-level player,Manual tier,Medium,Al Ahly goalkeeper,1
228,764,Lucas Galvao,65,Well-known club-level player,Manual tier,Medium,Brazilian defender with continental club profile,1
229,555,Ribamar,65,Well-known club-level player,Manual tier,Medium,Brazilian-profile striker,1
230,520,Seif Farouk Gaafar,65,Well-known club-level player,Manual tier,Medium,Zamalek player,1
231,521,Youssef Osama Nabih,65,Well-known club-level player,Manual tier,Medium,Zamalek player,1
232,392,Abdelhamid Bassiouni,64,Well-known club-level player,Manual tier,Medium,Egyptian football figure,1
233,394,Ahmed Abou Moslem,64,Well-known club-level player,Manual tier,Medium,Al Ahly/Strasbourg-profile player,1
234,758,Jamilu Collins,64,Well-known club-level player,Manual tier,Medium,Nigeria international defender,1
235,506,Mohamed Maghraby,64,Well-known club-level player,Manual tier,Medium,Al Ahly defender,1
236,722,Rajab Bakkar,64,Well-known club-level player,Manual tier,Medium,Pyramids/Egyptian league player,1
237,696,Rogério,64,Well-known club-level player,Manual tier,Medium,Foreign-pro league player,1
238,768,Saliou Ciss,64,Well-known club-level player,Manual tier,Medium,Senegal international defender,1
239,763,Youssouf Kone,64,Well-known club-level player,Manual tier,Medium,Mali/international-profile defender,1
240,789,Ahmed Said Oka,63,Well-known club-level player,Manual tier,Medium,Egyptian league defender,1
241,568,Benson Shilongo,63,Well-known club-level player,Manual tier,Medium,Namibia international striker,1
242,193,Bobo (Ezz El-Din Yaqoub),63,Well-known club-level player,Heuristic estimate,Medium,Heuristic: historic/major Egyptian football section,1
243,630,Mamadou Niass,63,Well-known club-level player,Manual tier,Medium,Egyptian league foreign striker,1
244,246,Meshika (Mohamed Seddik),63,Well-known club-level player,Heuristic estimate,Medium,Heuristic: historic/major Egyptian football section,1
245,395,Mostafa Afroto,63,Well-known club-level player,Manual tier,Medium,Al Ahly youth/product player,1
246,590,Ahmed Belhadji,62,Well-known club-level player,Manual tier,Medium,Egyptian league foreign player,1
247,720,Ali Fathi,62,Well-known club-level player,Manual tier,Medium,Zamalek/Egyptian league player,1
248,765,Arthur Henrique,62,Well-known club-level player,Manual tier,Medium,Foreign-pro league player,1
249,632,Benjamin Boateng,62,Well-known club-level player,Manual tier,Medium,Egyptian league foreign player,1
250,766,Kevin Rimane,62,Well-known club-level player,Manual tier,Medium,International-profile defender,1
251,631,Romario Williams,62,Well-known club-level player,Manual tier,Medium,Jamaica/Egyptian league player,1
252,721,Tarek Taha,62,Well-known club-level player,Manual tier,Medium,Zamalek/Egyptian league player,1
253,202,Cheta (Mohamed Seddik),61,Well-known club-level player,Heuristic estimate,Medium,Heuristic: historic/major Egyptian football section,1
254,229,Gaddafi (Mohamed Ramadan),61,Well-known club-level player,Heuristic estimate,Medium,Heuristic: historic/major Egyptian football section,1
255,189,Meshmesh (Hany Moustafa),61,Well-known club-level player,Heuristic estimate,Medium,Heuristic: historic/major Egyptian football section,1
256,577,Oussama Zemraoui,61,Well-known club-level player,Manual tier,Medium,Egyptian league foreign player,1
257,572,Ahmed Masoud,60,Well-known club-level player,Manual tier,Medium,Egyptian league goalkeeper,1
258,761,Idrissa Coulibaly,60,Well-known club-level player,Manual tier,Medium,Foreign-pro league player,1
259,431,Kwaku Afriyie (Ahmet Feliks),60,Well-known club-level player,Heuristic estimate,Medium,Heuristic: foreign import / major-club section,1
260,575,Mounder Temine,60,Well-known club-level player,Manual tier,Medium,Egyptian league foreign player,1
261,762,Moussa Kabore,60,Well-known club-level player,Manual tier,Medium,Foreign-pro league player,1
262,496,Sebastien Charlot (Elijah Tana),60,Well-known club-level player,Heuristic estimate,Medium,Heuristic: foreign import / major-club section,1
263,465,Kingsley Sokari,59,Recognized niche player,Heuristic estimate,Low,Heuristic: foreign import / major-club section,1
264,199,Adel El-Maamour,58,Recognized niche player,Heuristic estimate,Low,Heuristic: historic/major Egyptian football section,1
265,173,Al-Sayed Al-Dizwi,58,Recognized niche player,Heuristic estimate,Low,Heuristic: historic/major Egyptian football section,1
266,190,Anwar Salama,58,Recognized niche player,Heuristic estimate,Low,Heuristic: historic/major Egyptian football section,1
267,275,Ashour El-Adham,58,Recognized niche player,Heuristic estimate,Low,Heuristic: historic/major Egyptian football section,1
268,249,Ayman Abdel-Aziz,58,Recognized niche player,Heuristic estimate,Low,Heuristic: historic/major Egyptian football section,1
269,217,Ayman Shawky,58,Recognized niche player,Heuristic estimate,Low,Heuristic: historic/major Egyptian football section,1
270,181,Ezz El-Din Yaqoub,58,Recognized niche player,Heuristic estimate,Low,Heuristic: historic/major Egyptian football section,1
271,201,Hamdi Nouh,58,Recognized niche player,Heuristic estimate,Low,Heuristic: historic/major Egyptian football section,1
272,171,Hanafy Bastan,58,Recognized niche player,Heuristic estimate,Low,Heuristic: historic/major Egyptian football section,1
273,215,Hesham Yakan,58,Recognized niche player,Heuristic estimate,Low,Heuristic: historic/major Egyptian football section,1
274,299,Hossam Arafat,58,Recognized niche player,Heuristic estimate,Low,Heuristic: historic/major Egyptian football section,1
275,221,Hussein Abdel-Latif,58,Recognized niche player,Heuristic estimate,Low,Heuristic: historic/major Egyptian football section,1
276,239,Medhat Abdel-Hady,58,Recognized niche player,Heuristic estimate,Low,Heuristic: historic/major Egyptian football section,1
277,268,Moataz Eno,58,Recognized niche player,Heuristic estimate,Low,Heuristic: historic/major Egyptian football section,1
278,170,Mustafa Mansour,58,Recognized niche player,Heuristic estimate,Low,Heuristic: historic/major Egyptian football section,1
279,182,Mustafa Reyadh,58,Recognized niche player,Heuristic estimate,Low,Heuristic: historic/major Egyptian football section,1
280,208,Nasser Mohamed Ali,58,Recognized niche player,Heuristic estimate,Low,Heuristic: historic/major Egyptian football section,1
281,240,Osama Nabih,58,Recognized niche player,Heuristic estimate,Low,Heuristic: historic/major Egyptian football section,1
282,254,Reda Shehata,58,Recognized niche player,Heuristic estimate,Low,Heuristic: historic/major Egyptian football section,1
283,255,Salah Amin,58,Recognized niche player,Heuristic estimate,Low,Heuristic: historic/major Egyptian football section,1
284,300,Salah Soliman,58,Recognized niche player,Heuristic estimate,Low,Heuristic: historic/major Egyptian football section,1
285,232,Sami El-Sheshini,58,Recognized niche player,Heuristic estimate,Low,Heuristic: historic/major Egyptian football section,1
286,233,Samir Kamouna,58,Recognized niche player,Heuristic estimate,Low,Heuristic: historic/major Egyptian football section,1
287,195,Sayed Al-Thaalab,58,Recognized niche player,Heuristic estimate,Low,Heuristic: historic/major Egyptian football section,1
288,245,Shady Mohamed,58,Recognized niche player,Heuristic estimate,Low,Heuristic: historic/major Egyptian football section,1
289,205,Shawky Gharieb,58,Recognized niche player,Heuristic estimate,Low,Heuristic: historic/major Egyptian football section,1
290,263,Sherif Abdel-Fadil,58,Recognized niche player,Heuristic estimate,Low,Heuristic: historic/major Egyptian football section,1
291,266,Sherif Ekramy,58,Recognized niche player,Heuristic estimate,Low,Heuristic: historic/major Egyptian football section,1
292,247,Tarek El-Said,58,Recognized niche player,Heuristic estimate,Low,Heuristic: historic/major Egyptian football section,1
293,230,Walid Salah El-Din,58,Recognized niche player,Heuristic estimate,Low,Heuristic: historic/major Egyptian football section,1
294,234,Yasser Radwan,58,Recognized niche player,Heuristic estimate,Low,Heuristic: historic/major Egyptian football section,1
295,228,Yasser Rayyan,58,Recognized niche player,Heuristic estimate,Low,Heuristic: historic/major Egyptian football section,1
296,458,Abdelkabir El Ouadi,57,Recognized niche player,Heuristic estimate,Low,Heuristic: foreign import / major-club section,1
297,437,Abdoulaye Touré,57,Recognized niche player,Heuristic estimate,Low,Heuristic: foreign import / major-club section,1
298,450,Achraf Dari,57,Recognized niche player,Heuristic estimate,Low,Heuristic: foreign import / major-club section,1
299,433,Akwetey Mensah,57,Recognized niche player,Heuristic estimate,Low,Heuristic: foreign import / major-club section,1
300,489,Anis Boujelbene,57,Recognized niche player,Heuristic estimate,Low,Heuristic: foreign import / major-club section,1
301,467,Anthony Okpotu,57,Recognized niche player,Heuristic estimate,Low,Heuristic: foreign import / major-club section,1
302,463,Austin Amutu,57,Recognized niche player,Heuristic estimate,Low,Heuristic: foreign import / major-club section,1
303,424,Benjamin Acheampong,57,Recognized niche player,Heuristic estimate,Low,Heuristic: foreign import / major-club section,1
304,444,Dominique Da Silva,57,Recognized niche player,Heuristic estimate,Low,Heuristic: foreign import / major-club section,1
305,470,Elvis Chikatara,57,Recognized niche player,Heuristic estimate,Low,Heuristic: foreign import / major-club section,1
306,469,Emeka Eze,57,Recognized niche player,Heuristic estimate,Low,Heuristic: foreign import / major-club section,1
307,473,Emeka Opara,57,Recognized niche player,Heuristic estimate,Low,Heuristic: foreign import / major-club section,1
308,426,Eric Bekoe,57,Recognized niche player,Heuristic estimate,Low,Heuristic: foreign import / major-club section,1
309,434,Ernest Papa Arko,57,Recognized niche player,Heuristic estimate,Low,Heuristic: foreign import / major-club section,1
310,481,Fagrie Lakay,57,Recognized niche player,Heuristic estimate,Low,Heuristic: foreign import / major-club section,1
311,432,Felix Aboagye,57,Recognized niche player,Heuristic estimate,Low,Heuristic: foreign import / major-club section,1
312,429,Francis Afriyie,57,Recognized niche player,Heuristic estimate,Low,Heuristic: foreign import / major-club section,1
313,427,Godwin Attram,57,Recognized niche player,Heuristic estimate,Low,Heuristic: foreign import / major-club section,1
314,508,Hady Reyad,57,Recognized niche player,Heuristic estimate,Low,Heuristic: foreign import / major-club section,1
315,522,Hatem Soker,57,Recognized niche player,Heuristic estimate,Low,Heuristic: foreign import / major-club section,1
316,456,Hicham Boussefiane,57,Recognized niche player,Heuristic estimate,Low,Heuristic: foreign import / major-club section,1
317,480,Ibrahima Ndiaye,57,Recognized niche player,Heuristic estimate,Low,Heuristic: foreign import / major-club section,1
318,428,Issahaku Yakubu,57,Recognized niche player,Heuristic estimate,Low,Heuristic: foreign import / major-club section,1
319,461,John Ebuka Okoye,57,Recognized niche player,Heuristic estimate,Low,Heuristic: foreign import / major-club section,1
320,430,Jorginho James,57,Recognized niche player,Heuristic estimate,Low,Heuristic: foreign import / major-club section,1
321,495,Joseph Ochaya,57,Recognized niche player,Heuristic estimate,Low,Heuristic: foreign import / major-club section,1
322,468,Maarouf Yussuf,57,Recognized niche player,Heuristic estimate,Low,Heuristic: foreign import / major-club section,1
323,439,Marc Mboua,57,Recognized niche player,Heuristic estimate,Low,Heuristic: foreign import / major-club section,1
324,491,Marwan Sahraoui,57,Recognized niche player,Heuristic estimate,Low,Heuristic: foreign import / major-club section,1
325,474,Minusu Buba,57,Recognized niche player,Heuristic estimate,Low,Heuristic: foreign import / major-club section,1
326,423,Nana Poku,57,Recognized niche player,Heuristic estimate,Low,Heuristic: foreign import / major-club section,1
327,462,Peter Ebimobowei,57,Recognized niche player,Heuristic estimate,Low,Heuristic: foreign import / major-club section,1
328,488,Rafik Kabou,57,Recognized niche player,Heuristic estimate,Low,Heuristic: foreign import / major-club section,1
329,441,Razak Cisse,57,Recognized niche player,Heuristic estimate,Low,Heuristic: foreign import / major-club section,1
330,455,Reda Slim,57,Recognized niche player,Heuristic estimate,Low,Heuristic: foreign import / major-club section,1
331,513,Salif Coulibaly,57,Recognized niche player,Heuristic estimate,Low,Heuristic: foreign import / major-club section,1
332,438,Sekou Camara,57,Recognized niche player,Heuristic estimate,Low,Heuristic: foreign import / major-club section,1
333,483,Serge Akakpo,57,Recognized niche player,Heuristic estimate,Low,Heuristic: foreign import / major-club section,1
334,464,Sodiq Awujoola,57,Recognized niche player,Heuristic estimate,Low,Heuristic: foreign import / major-club section,1
335,475,Stanley Ohawuchi,57,Recognized niche player,Heuristic estimate,Low,Heuristic: foreign import / major-club section,1
336,466,Udo Fortune,57,Recognized niche player,Heuristic estimate,Low,Heuristic: foreign import / major-club section,1
337,442,William Jebor,57,Recognized niche player,Heuristic estimate,Low,Heuristic: foreign import / major-club section,1
338,507,Yassin Marei,57,Recognized niche player,Heuristic estimate,Low,Heuristic: foreign import / major-club section,1
339,425,Yaw Annor,57,Recognized niche player,Heuristic estimate,Low,Heuristic: foreign import / major-club section,1
340,179,Abdel-Hamid El-Shaheen,56,Recognized niche player,Heuristic estimate,Low,Heuristic: historic/major Egyptian football section,1
341,212,Abdel-Rasoul Ahmed,56,Recognized niche player,Heuristic estimate,Low,Heuristic: historic/major Egyptian football section,1
342,237,Abdel-Zaher El-Saqqa,56,Recognized niche player,Heuristic estimate,Low,Heuristic: historic/major Egyptian football section,1
343,194,Ahmed Abou Rehab,56,Recognized niche player,Heuristic estimate,Low,Heuristic: historic/major Egyptian football section,1
344,284,Ahmed Ali Kamel,56,Recognized niche player,Heuristic estimate,Low,Heuristic: historic/major Egyptian football section,1
345,278,Ahmed Gaafar,56,Recognized niche player,Heuristic estimate,Low,Heuristic: historic/major Egyptian football section,1
346,285,Ahmed Magdy,56,Recognized niche player,Heuristic estimate,Low,Heuristic: historic/major Egyptian football section,2
347,180,Ahmed Mostafa,56,Recognized niche player,Heuristic estimate,Low,Heuristic: historic/major Egyptian football section,1
348,301,Ahmed Noureldin Hamoudi,56,Recognized niche player,Heuristic estimate,Low,Heuristic: historic/major Egyptian football section,1
349,259,Ahmed Raouf,56,Recognized niche player,Heuristic estimate,Low,Heuristic: historic/major Egyptian football section,1
350,280,Ahmed Shedid Qenaoui,56,Recognized niche player,Heuristic estimate,Low,Heuristic: historic/major Egyptian football section,1
351,297,Ahmed Shoukry,56,Recognized niche player,Heuristic estimate,Low,Heuristic: historic/major Egyptian football section,1
352,192,Ali Abo Gresha,56,Recognized niche player,Heuristic estimate,Low,Heuristic: historic/major Egyptian football section,1
353,306,Ali Ghazal,56,Recognized niche player,Heuristic estimate,Low,Heuristic: historic/major Egyptian football section,1
354,206,Ali Shehata,56,Recognized niche player,Heuristic estimate,Low,Heuristic: historic/major Egyptian football section,1
355,274,Amr Al-Halwani,56,Recognized niche player,Heuristic estimate,Low,Heuristic: historic/major Egyptian football section,1
356,226,Amr El-Hadidy,56,Recognized niche player,Heuristic estimate,Low,Heuristic: historic/major Egyptian football section,1
357,251,Ibrahim Said,56,Recognized niche player,Heuristic estimate,Low,Heuristic: historic/major Egyptian football section,1
358,289,Mahmoud Abou El-Saoud,56,Recognized niche player,Heuristic estimate,Low,Heuristic: historic/major Egyptian football section,1
359,183,Mahmoud Abou-Regaila,56,Recognized niche player,Heuristic estimate,Low,Heuristic: historic/major Egyptian football section,1
360,209,Mahmoud Saleh,56,Recognized niche player,Heuristic estimate,Low,Heuristic: historic/major Egyptian football section,1
361,267,Mohamed Abdelwahab,56,Recognized niche player,Heuristic estimate,Low,Heuristic: historic/major Egyptian football section,1
362,265,Mohamed Abdullah,56,Recognized niche player,Heuristic estimate,Low,Heuristic: historic/major Egyptian football section,1
363,260,Mohamed El-Garny,56,Recognized niche player,Heuristic estimate,Low,Heuristic: historic/major Egyptian football section,1
364,172,Mohamed El-Ghazaly,56,Recognized niche player,Heuristic estimate,Low,Heuristic: historic/major Egyptian football section,1
365,298,Mohamed Farouk,56,Recognized niche player,Heuristic estimate,Low,Heuristic: historic/major Egyptian football section,1
366,216,Mohamed Helmy,56,Recognized niche player,Heuristic estimate,Low,Heuristic: historic/major Egyptian football section,1
367,204,Mohamed Radwan,56,Recognized niche player,Heuristic estimate,Low,Heuristic: historic/major Egyptian football section,1
368,231,Mohamed Salah El-Din,56,Recognized niche player,Heuristic estimate,Low,Heuristic: historic/major Egyptian football section,1
369,256,Mohamed Shawky,56,Recognized niche player,Heuristic estimate,Low,Heuristic: historic/major Egyptian football section,1
370,283,Mostafa Shebeita,56,Recognized niche player,Heuristic estimate,Low,Heuristic: historic/major Egyptian football section,1
371,142,Abdallah Bakri,55,Recognized niche player,Heuristic estimate,Low,Heuristic: recognized Egyptian league section,1
372,14,Abdoulaye Cissé,55,Recognized niche player,Heuristic estimate,Low,Heuristic: recognized Egyptian league section,1
373,153,Ahmed Kaboria,55,Recognized niche player,Heuristic estimate,Low,Heuristic: recognized Egyptian league section,1
374,55,Amer Amer,55,Recognized niche player,Heuristic estimate,Low,Heuristic: recognized Egyptian league section,1
375,49,Amir Abdelhamid,55,Recognized niche player,Heuristic estimate,Low,Heuristic: recognized Egyptian league section,1
376,509,Amr El Gazar,55,Recognized niche player,Heuristic estimate,Low,Heuristic: foreign import / major-club section,1
377,93,Bahaa Magdy,55,Recognized niche player,Heuristic estimate,Low,Heuristic: recognized Egyptian league section,1
378,10,Blati Touré,55,Recognized niche player,Heuristic estimate,Low,Heuristic: recognized Egyptian league section,1
379,9,Bruno Sávio,55,Recognized niche player,Heuristic estimate,Low,Heuristic: recognized Egyptian league section,1
380,28,Didier Kadio,55,Recognized niche player,Heuristic estimate,Low,Heuristic: recognized Egyptian league section,1
381,21,Diego Calderón,55,Recognized niche player,Heuristic estimate,Low,Heuristic: recognized Egyptian league section,1
382,125,Ehab El Masry,55,Recognized niche player,Heuristic estimate,Low,Heuristic: recognized Egyptian league section,1
383,52,El Mahdi Soliman,55,Recognized niche player,Heuristic estimate,Low,Heuristic: recognized Egyptian league section,1
384,16,Eric Traoré,55,Recognized niche player,Heuristic estimate,Low,Heuristic: recognized Egyptian league section,1
385,20,Ezechiel Ndouassel,55,Recognized niche player,Heuristic estimate,Low,Heuristic: recognized Egyptian league section,1
386,17,Frank Etouga,55,Recognized niche player,Heuristic estimate,Low,Heuristic: recognized Egyptian league section,1
387,147,Hisham Mohamed,55,Recognized niche player,Heuristic estimate,Low,Heuristic: recognized Egyptian league section,1
388,140,Hussein Faisal,55,Recognized niche player,Heuristic estimate,Low,Heuristic: recognized Egyptian league section,1
389,29,Jean Morel Poé,55,Recognized niche player,Heuristic estimate,Low,Heuristic: recognized Egyptian league section,1
390,18,Jonathan Ngwem,55,Recognized niche player,Heuristic estimate,Low,Heuristic: recognized Egyptian league section,1
391,501,Karim El Debes,55,Recognized niche player,Heuristic estimate,Low,Heuristic: foreign import / major-club section,1
392,61,Karim Nedved,55,Recognized niche player,Heuristic estimate,Low,Heuristic: recognized Egyptian league section,1
393,31,Lema Mabidi,55,Recognized niche player,Heuristic estimate,Low,Heuristic: recognized Egyptian league section,1
394,457,Mahmoud Bentayg,55,Recognized niche player,Heuristic estimate,Low,Heuristic: foreign import / major-club section,1
395,477,Mahmoud Wadi,55,Recognized niche player,Heuristic estimate,Low,Heuristic: foreign import / major-club section,1
396,99,Mido Gaber,55,Recognized niche player,Heuristic estimate,Low,Heuristic: recognized Egyptian league section,1
397,164,Mohamed Abdel Latif Grendo,55,Recognized niche player,Heuristic estimate,Low,Heuristic: recognized Egyptian league section,1
398,503,Mohamed Fakhry,55,Recognized niche player,Heuristic estimate,Low,Heuristic: foreign import / major-club section,1
399,512,Mohamed Seha,55,Recognized niche player,Heuristic estimate,Low,Heuristic: foreign import / major-club section,1
400,511,Mohamed Shokry,55,Recognized niche player,Heuristic estimate,Low,Heuristic: foreign import / major-club section,1
401,116,Osama Hosny,55,Recognized niche player,Heuristic estimate,Low,Heuristic: recognized Egyptian league section,1
402,96,Osama Ibrahim,55,Recognized niche player,Heuristic estimate,Low,Heuristic: recognized Egyptian league section,2
403,26,Oussou Konan,55,Recognized niche player,Heuristic estimate,Low,Heuristic: recognized Egyptian league section,1
404,8,Samson Akinyoola,55,Recognized niche player,Heuristic estimate,Low,Heuristic: recognized Egyptian league section,1
405,143,Sayed Salem,55,Recognized niche player,Heuristic estimate,Low,Heuristic: recognized Egyptian league section,1
406,15,Saïdou Simporé,55,Recognized niche player,Heuristic estimate,Low,Heuristic: recognized Egyptian league section,1
407,78,Shady Hussein,55,Recognized niche player,Heuristic estimate,Low,Heuristic: recognized Egyptian league section,1
408,124,Sherif Ashraf,55,Recognized niche player,Heuristic estimate,Low,Heuristic: recognized Egyptian league section,1
409,56,Sherif Hazem,55,Recognized niche player,Heuristic estimate,Low,Heuristic: recognized Egyptian league section,1
410,25,Vincent Dié Foneye,55,Recognized niche player,Heuristic estimate,Low,Heuristic: recognized Egyptian league section,1
411,123,Wael Qabani,55,Recognized niche player,Heuristic estimate,Low,Heuristic: recognized Egyptian league section,1
412,42,Wael Reyad,55,Recognized niche player,Heuristic estimate,Low,Heuristic: recognized Egyptian league section,1
413,510,Youssef Belammari,55,Recognized niche player,Heuristic estimate,Low,Heuristic: foreign import / major-club section,1
414,161,Ziad Kamal,55,Recognized niche player,Heuristic estimate,Low,Heuristic: recognized Egyptian league section,1
415,410,Karim Walid “Nedved”,54,Recognized niche player,Heuristic estimate,Low,Heuristic: domestic league section,1
416,50,Ahmed Adel Abdel Moneam,53,Recognized niche player,Heuristic estimate,Low,Heuristic: recognized Egyptian league section,1
417,155,Ahmed Ayman,53,Recognized niche player,Heuristic estimate,Low,Heuristic: recognized Egyptian league section,1
418,92,Ahmed Ayman Mansour,53,Recognized niche player,Heuristic estimate,Low,Heuristic: recognized Egyptian league section,1
419,151,Ahmed Dawooda,53,Recognized niche player,Heuristic estimate,Low,Heuristic: recognized Egyptian league section,1
420,45,Ahmed Dwidar,53,Recognized niche player,Heuristic estimate,Low,Heuristic: recognized Egyptian league section,1
421,163,Ahmed Eid,53,Recognized niche player,Heuristic estimate,Low,Heuristic: recognized Egyptian league section,2
422,82,Ahmed El Sheikh,53,Recognized niche player,Heuristic estimate,Low,Heuristic: recognized Egyptian league section,1
423,118,Ahmed El-Merghany,53,Recognized niche player,Heuristic estimate,Low,Heuristic: recognized Egyptian league section,1
424,133,Ahmed Hamdy,53,Recognized niche player,Heuristic estimate,Low,Heuristic: recognized Egyptian league section,1
425,37,Ahmed Hassan Farag,53,Recognized niche player,Heuristic estimate,Low,Heuristic: recognized Egyptian league section,1
426,81,Ahmed Hassan Mekky,53,Recognized niche player,Heuristic estimate,Low,Heuristic: recognized Egyptian league section,1
427,117,Ahmed Khairy,53,Recognized niche player,Heuristic estimate,Low,Heuristic: recognized Egyptian league section,1
428,114,Ahmed Salah Hosny,53,Recognized niche player,Heuristic estimate,Low,Heuristic: recognized Egyptian league section,1
429,127,Ahmed Salama,53,Recognized niche player,Heuristic estimate,Low,Heuristic: recognized Egyptian league section,1
430,35,Ahmed Samir Abdel Moneim,53,Recognized niche player,Heuristic estimate,Low,Heuristic: recognized Egyptian league section,1
431,36,Ahmed Samir Mohamed,53,Recognized niche player,Heuristic estimate,Low,Heuristic: recognized Egyptian league section,1
432,154,Ahmed Samy,53,Recognized niche player,Heuristic estimate,Low,Heuristic: recognized Egyptian league section,1
433,152,Ahmed Temsah,53,Recognized niche player,Heuristic estimate,Low,Heuristic: recognized Egyptian league section,1
434,156,Ahmed Yassin,53,Recognized niche player,Heuristic estimate,Low,Heuristic: recognized Egyptian league section,1
435,51,Ali Lotfi,53,Recognized niche player,Heuristic estimate,Low,Heuristic: recognized Egyptian league section,1
436,122,Amr El-Safty,53,Recognized niche player,Heuristic estimate,Low,Heuristic: recognized Egyptian league section,1
437,100,Amr Marei,53,Recognized niche player,Heuristic estimate,Low,Heuristic: recognized Egyptian league section,1
438,148,Amr Tarek,53,Recognized niche player,Heuristic estimate,Low,Heuristic: recognized Egyptian league section,1
439,70,Islam Gaber,53,Recognized niche player,Heuristic estimate,Low,Heuristic: recognized Egyptian league section,1
440,94,Islam Gamal,53,Recognized niche player,Heuristic estimate,Low,Heuristic: recognized Egyptian league section,1
441,138,Islam Issa,53,Recognized niche player,Heuristic estimate,Low,Heuristic: recognized Egyptian league section,1
442,85,Islam Mohareb,53,Recognized niche player,Heuristic estimate,Low,Heuristic: recognized Egyptian league section,1
443,76,Karim Bambo,53,Recognized niche player,Heuristic estimate,Low,Heuristic: recognized Egyptian league section,1
444,165,Karim El Eraki,53,Recognized niche player,Heuristic estimate,Low,Heuristic: recognized Egyptian league section,1
445,158,Karim Tarek,53,Recognized niche player,Heuristic estimate,Low,Heuristic: recognized Egyptian league section,1
446,141,Mahmoud Abdel Ati Donga,53,Recognized niche player,Heuristic estimate,Low,Heuristic: recognized Egyptian league section,1
447,54,Mahmoud Gad,53,Recognized niche player,Heuristic estimate,Low,Heuristic: recognized Egyptian league section,1
448,88,Mahmoud Metwally,53,Recognized niche player,Heuristic estimate,Low,Heuristic: recognized Egyptian league section,1
449,95,Mahmoud Rizk,53,Recognized niche player,Heuristic estimate,Low,Heuristic: recognized Egyptian league section,1
450,146,Mahmoud Shabana,53,Recognized niche player,Heuristic estimate,Low,Heuristic: recognized Egyptian league section,1
451,89,Mahmoud Wahid,53,Recognized niche player,Heuristic estimate,Low,Heuristic: recognized Egyptian league section,1
452,339,Mody,53,Recognized niche player,Heuristic estimate,Low,Heuristic: domestic league section,1
453,144,Mohamed Abdel Ghani,53,Recognized niche player,Heuristic estimate,Low,Heuristic: recognized Egyptian league section,1
454,41,Mohamed Abdel Monsef,53,Recognized niche player,Heuristic estimate,Low,Heuristic: recognized Egyptian league section,1
455,119,Mohamed Aboul Ela,53,Recognized niche player,Heuristic estimate,Low,Heuristic: recognized Egyptian league section,1
456,150,Mohamed Adel Gomaa,53,Recognized niche player,Heuristic estimate,Low,Heuristic: recognized Egyptian league section,1
457,69,Mohamed Antar,53,Recognized niche player,Heuristic estimate,Low,Heuristic: recognized Egyptian league section,1
458,104,Mohamed Ashraf Rouka,53,Recognized niche player,Heuristic estimate,Low,Heuristic: recognized Egyptian league section,1
459,53,Mohamed Bassam,53,Recognized niche player,Heuristic estimate,Low,Heuristic: recognized Egyptian league section,1
460,139,Mohamed El Shamy,53,Recognized niche player,Heuristic estimate,Low,Heuristic: recognized Egyptian league section,1
461,126,Mohamed El Yamani,53,Recognized niche player,Heuristic estimate,Low,Heuristic: recognized Egyptian league section,1
462,67,Mohamed Fathi,53,Recognized niche player,Heuristic estimate,Low,Heuristic: recognized Egyptian league section,1
463,128,Mohamed Gouda,53,Recognized niche player,Heuristic estimate,Low,Heuristic: recognized Egyptian league section,1
464,77,Mohamed Hamdi Zaki,53,Recognized niche player,Heuristic estimate,Low,Heuristic: recognized Egyptian league section,1
465,57,Mohamed Hamdy,53,Recognized niche player,Heuristic estimate,Low,Heuristic: recognized Egyptian league section,1
466,136,Mohamed Hassan,53,Recognized niche player,Heuristic estimate,Low,Heuristic: recognized Egyptian league section,1
467,135,Mohamed Ismail,53,Recognized niche player,Heuristic estimate,Low,Heuristic: recognized Egyptian league section,1
468,11,Mohamed Koffi,53,Recognized niche player,Heuristic estimate,Low,Heuristic: recognized Egyptian league section,1
469,63,Mohamed Mahmoud,53,Recognized niche player,Heuristic estimate,Low,Heuristic: recognized Egyptian league section,1
470,44,Mohamed Naguib,53,Recognized niche player,Heuristic estimate,Low,Heuristic: recognized Egyptian league section,1
471,149,Mohamed Nasif,53,Recognized niche player,Heuristic estimate,Low,Heuristic: recognized Egyptian league section,1
472,137,Mohamed Sadek,53,Recognized niche player,Heuristic estimate,Low,Heuristic: recognized Egyptian league section,1
473,97,Mohamed Samir,53,Recognized niche player,Heuristic estimate,Low,Heuristic: recognized Egyptian league section,1
474,129,Mohamed Sayed Abdel Azim,53,Recognized niche player,Heuristic estimate,Low,Heuristic: recognized Egyptian league section,1
475,162,Mohamed Shehata,53,Recognized niche player,Heuristic estimate,Low,Heuristic: recognized Egyptian league section,1
476,145,Mostafa El Zenary,53,Recognized niche player,Heuristic estimate,Low,Heuristic: recognized Egyptian league section,1
477,121,Mostafa Gaafar,53,Recognized niche player,Heuristic estimate,Low,Heuristic: recognized Egyptian league section,1
478,160,Omar El Saaiy,53,Recognized niche player,Heuristic estimate,Low,Heuristic: recognized Egyptian league section,1
479,72,Omar El Said,53,Recognized niche player,Heuristic estimate,Low,Heuristic: recognized Egyptian league section,1
480,34,Omar Gamal,53,Recognized niche player,Heuristic estimate,Low,Heuristic: recognized Egyptian league section,1
481,353,Ouka,53,Recognized niche player,Heuristic estimate,Low,Heuristic: domestic league section,1
482,412,Ahmed Gomaa “Ismaily”,52,Recognized niche player,Heuristic estimate,Low,Heuristic: domestic league section,1
483,414,Abdallah Yaisien,51,Recognized niche player,Heuristic estimate,Low,Heuristic: domestic league section,1
484,368,Amir Abed,51,Recognized niche player,Heuristic estimate,Low,Heuristic: domestic league section,1
485,378,Arafa El Sayed,51,Recognized niche player,Heuristic estimate,Low,Heuristic: domestic league section,1
486,349,Asem Salah,51,Recognized niche player,Heuristic estimate,Low,Heuristic: domestic league section,1
487,390,Effat Sayed Nassar,51,Recognized niche player,Heuristic estimate,Low,Heuristic: domestic league section,1
488,329,El-Hani Soliman,51,Recognized niche player,Heuristic estimate,Low,Heuristic: domestic league section,1
489,348,Emad Hamdi,51,Recognized niche player,Heuristic estimate,Low,Heuristic: domestic league section,1
490,369,Essam Sobhy,51,Recognized niche player,Heuristic estimate,Low,Heuristic: domestic league section,1
491,384,Fady Farid,51,Recognized niche player,Heuristic estimate,Low,Heuristic: domestic league section,1
492,333,Farid Shawky,51,Recognized niche player,Heuristic estimate,Low,Heuristic: domestic league section,1
493,389,Hamada Yehia,51,Recognized niche player,Heuristic estimate,Low,Heuristic: domestic league section,1
494,386,Hany El Egeizy,51,Recognized niche player,Heuristic estimate,Low,Heuristic: domestic league section,1
495,373,Hossam Abdel-Aal,51,Recognized niche player,Heuristic estimate,Low,Heuristic: domestic league section,1
496,335,Khaled Sotohi,51,Recognized niche player,Heuristic estimate,Low,Heuristic: domestic league section,1
497,346,Moatasem Salem,51,Recognized niche player,Heuristic estimate,Low,Heuristic: domestic league section,1
498,345,Moaz El Henawy,51,Recognized niche player,Heuristic estimate,Low,Heuristic: domestic league section,1
499,397,Mohamed Zika,51,Recognized niche player,Heuristic estimate,Low,Heuristic: domestic league section,1
500,377,Nasser Mansy,51,Recognized niche player,Heuristic estimate,Low,Heuristic: domestic league section,1
501,330,Nour El Sayed,51,Recognized niche player,Heuristic estimate,Low,Heuristic: domestic league section,1
502,332,Osama Azab,51,Recognized niche player,Heuristic estimate,Low,Heuristic: domestic league section,1
503,382,Osama Faisal,51,Recognized niche player,Heuristic estimate,Low,Heuristic: domestic league section,1
504,361,Osama Mohamed,51,Recognized niche player,Heuristic estimate,Low,Heuristic: domestic league section,1
505,419,Oumed Oukri,51,Recognized niche player,Heuristic estimate,Low,Heuristic: domestic league section,1
506,331,Ragab Nabil,51,Recognized niche player,Heuristic estimate,Low,Heuristic: domestic league section,1
507,374,Ramy Adel,51,Recognized niche player,Heuristic estimate,Low,Heuristic: domestic league section,1
508,337,Ramy Sabry,51,Recognized niche player,Heuristic estimate,Low,Heuristic: domestic league section,1
509,341,Salah Ashour,51,Recognized niche player,Heuristic estimate,Low,Heuristic: domestic league section,1
510,417,Salah Rico,51,Recognized niche player,Heuristic estimate,Low,Heuristic: domestic league section,1
511,356,Sayed Farid,51,Recognized niche player,Heuristic estimate,Low,Heuristic: domestic league section,1
512,418,Shimelis Bekele,51,Recognized niche player,Heuristic estimate,Low,Heuristic: domestic league section,1
513,336,Shokry Naguib,51,Recognized niche player,Heuristic estimate,Low,Heuristic: domestic league section,1
514,387,Wael Faraag,51,Recognized niche player,Heuristic estimate,Low,Heuristic: domestic league section,1
515,547,Ewerton,50,Recognized niche player,Heuristic estimate,Low,Heuristic: current/deep league section,1
516,545,Otta,50,Recognized niche player,Heuristic estimate,Low,Heuristic: current/deep league section,1
517,549,Zalaka,50,Recognized niche player,Heuristic estimate,Low,Heuristic: current/deep league section,1
518,379,Ahmed Abdelghani,49,Limited public recognition,Heuristic estimate,Low,Heuristic: domestic league section,1
519,399,Ahmed Adel,49,Limited public recognition,Heuristic estimate,Low,Heuristic: domestic league section,1
520,375,Ahmed Ali,49,Limited public recognition,Heuristic estimate,Low,Heuristic: domestic league section,1
521,383,Ahmed Atef,49,Limited public recognition,Heuristic estimate,Low,Heuristic: domestic league section,1
522,334,Ahmed El Agouz,49,Limited public recognition,Heuristic estimate,Low,Heuristic: domestic league section,1
523,404,Ahmed El Alfie,49,Limited public recognition,Heuristic estimate,Low,Heuristic: domestic league section,1
524,354,Ahmed El Sayed,49,Limited public recognition,Heuristic estimate,Low,Heuristic: domestic league section,1
525,391,Ahmed Gomaa,49,Limited public recognition,Heuristic estimate,Low,Heuristic: domestic league section,1
526,403,Ahmed Magdy,49,Limited public recognition,Heuristic estimate,Low,Heuristic: domestic league section,2
527,350,Ahmed Manga,49,Limited public recognition,Heuristic estimate,Low,Heuristic: domestic league section,1
528,357,Ahmed Safi,49,Limited public recognition,Heuristic estimate,Low,Heuristic: domestic league section,1
529,388,Ahmed Sherwyda,49,Limited public recognition,Heuristic estimate,Low,Heuristic: domestic league section,1
530,340,Ali Elfil,49,Limited public recognition,Heuristic estimate,Low,Heuristic: domestic league section,1
531,343,Ali Fawzi,49,Limited public recognition,Heuristic estimate,Low,Heuristic: domestic league section,1
532,409,Amr El Menoufy,49,Limited public recognition,Heuristic estimate,Low,Heuristic: domestic league section,1
533,372,Amr Fahim,49,Limited public recognition,Heuristic estimate,Low,Heuristic: domestic league section,1
534,351,Amr Moussa,49,Limited public recognition,Heuristic estimate,Low,Heuristic: domestic league section,1
535,358,Hassan El Shami,49,Limited public recognition,Heuristic estimate,Low,Heuristic: domestic league section,1
536,367,Ibrahim Abdel-Khalik,49,Limited public recognition,Heuristic estimate,Low,Heuristic: domestic league section,1
537,371,Ibrahim El Shayeb,49,Limited public recognition,Heuristic estimate,Low,Heuristic: domestic league section,1
538,344,Ibrahim Yehia,49,Limited public recognition,Heuristic estimate,Low,Heuristic: domestic league section,1
539,370,Islam Abdelnaim,49,Limited public recognition,Heuristic estimate,Low,Heuristic: domestic league section,1
540,407,Islam Soliman,49,Limited public recognition,Heuristic estimate,Low,Heuristic: domestic league section,1
541,366,Karim El Deeb,49,Limited public recognition,Heuristic estimate,Low,Heuristic: domestic league section,1
542,362,Karim Mostafa,49,Limited public recognition,Heuristic estimate,Low,Heuristic: domestic league section,1
543,376,Mahmoud Kaoud,49,Limited public recognition,Heuristic estimate,Low,Heuristic: domestic league section,1
544,400,Mahmoud Marei,49,Limited public recognition,Heuristic estimate,Low,Heuristic: domestic league section,1
545,359,Mahmoud Sayed,49,Limited public recognition,Heuristic estimate,Low,Heuristic: domestic league section,1
546,411,Mohamed Abdel Aaty,49,Limited public recognition,Heuristic estimate,Low,Heuristic: domestic league section,1
547,416,Mohamed Abdel-Salam,49,Limited public recognition,Heuristic estimate,Low,Heuristic: domestic league section,1
548,406,Mohamed Adel,49,Limited public recognition,Heuristic estimate,Low,Heuristic: domestic league section,1
549,405,Mohamed Ashraf,49,Limited public recognition,Heuristic estimate,Low,Heuristic: domestic league section,3
550,338,Mohamed Bassiouny,49,Limited public recognition,Heuristic estimate,Low,Heuristic: domestic league section,1
551,360,Mohamed Dabash,49,Limited public recognition,Heuristic estimate,Low,Heuristic: domestic league section,1
552,415,Mohamed Essam,49,Limited public recognition,Heuristic estimate,Low,Heuristic: domestic league section,2
553,402,Mohamed Gaber,49,Limited public recognition,Heuristic estimate,Low,Heuristic: domestic league section,1
554,347,Mohamed Helal,49,Limited public recognition,Heuristic estimate,Low,Heuristic: domestic league section,1
555,380,Mohamed Mohsen,49,Limited public recognition,Heuristic estimate,Low,Heuristic: domestic league section,1
556,381,Mohamed Ragab,49,Limited public recognition,Heuristic estimate,Low,Heuristic: domestic league section,2
557,398,Mohamed Rizk,49,Limited public recognition,Heuristic estimate,Low,Heuristic: domestic league section,1
558,352,Mohamed Salem,49,Limited public recognition,Heuristic estimate,Low,Heuristic: domestic league section,1
559,393,Mohamed Shaaban,49,Limited public recognition,Heuristic estimate,Low,Heuristic: domestic league section,1
560,365,Mohamed Tony,49,Limited public recognition,Heuristic estimate,Low,Heuristic: domestic league section,1
561,408,Mohamed Zatara,49,Limited public recognition,Heuristic estimate,Low,Heuristic: domestic league section,1
562,355,Mostafa Gamal,49,Limited public recognition,Heuristic estimate,Low,Heuristic: domestic league section,1
563,385,Mostafa Ziko,49,Limited public recognition,Heuristic estimate,Low,Heuristic: domestic league section,1
564,401,Omar Bassam,49,Limited public recognition,Heuristic estimate,Low,Heuristic: domestic league section,1
565,363,Omar El Wahsh,49,Limited public recognition,Heuristic estimate,Low,Heuristic: domestic league section,1
566,557,Abdalla Magdy,48,Limited public recognition,Heuristic estimate,Low,Heuristic: current/deep league section,1
567,611,Abdelaziz El Balouty,48,Limited public recognition,Heuristic estimate,Low,Heuristic: current/deep league section,1
568,567,Abdelkader Ammar,48,Limited public recognition,Heuristic estimate,Low,Heuristic: current/deep league section,1
569,626,Abubakar Liadi,48,Limited public recognition,Heuristic estimate,Low,Heuristic: current/deep league section,1
570,535,Adam Kaied,48,Limited public recognition,Heuristic estimate,Low,Heuristic: current/deep league section,1
571,619,Adem Redjem,48,Limited public recognition,Heuristic estimate,Low,Heuristic: current/deep league section,1
572,591,Ayman Mukka,48,Limited public recognition,Heuristic estimate,Low,Heuristic: current/deep league section,1
573,561,Baher El Mohamady,48,Limited public recognition,Heuristic estimate,Low,Heuristic: current/deep league section,1
574,530,Baron Ochieng,48,Limited public recognition,Heuristic estimate,Low,Heuristic: current/deep league section,1
575,576,Bonheur Mugisha,48,Limited public recognition,Heuristic estimate,Low,Heuristic: current/deep league section,1
576,537,Chico Banza,48,Limited public recognition,Heuristic estimate,Low,Heuristic: current/deep league section,1
577,589,David Simukonda,48,Limited public recognition,Heuristic estimate,Low,Heuristic: current/deep league section,1
578,620,Diyaa El Sayed,48,Limited public recognition,Heuristic estimate,Low,Heuristic: current/deep league section,1
579,532,El Sayed Osama,48,Limited public recognition,Heuristic estimate,Low,Heuristic: current/deep league section,1
580,592,Favour Akem,48,Limited public recognition,Heuristic estimate,Low,Heuristic: current/deep league section,1
581,634,Fawzi El Henawy,48,Limited public recognition,Heuristic estimate,Low,Heuristic: current/deep league section,1
582,594,Freddy Michael Kouablan,48,Limited public recognition,Heuristic estimate,Low,Heuristic: current/deep league section,1
583,615,Ghannam Mohamed,48,Limited public recognition,Heuristic estimate,Low,Heuristic: current/deep league section,1
584,546,Hamed Hamdan,48,Limited public recognition,Heuristic estimate,Low,Heuristic: current/deep league section,1
585,541,Hazem Osama,48,Limited public recognition,Heuristic estimate,Low,Heuristic: current/deep league section,1
586,587,Hema Mohamed,48,Limited public recognition,Heuristic estimate,Low,Heuristic: current/deep league section,1
587,629,Hisham Salah,48,Limited public recognition,Heuristic estimate,Low,Heuristic: current/deep league section,1
588,606,Isaac Yakubu,48,Limited public recognition,Heuristic estimate,Low,Heuristic: current/deep league section,1
589,525,Juan Bezerra,48,Limited public recognition,Heuristic estimate,Low,Heuristic: current/deep league section,1
590,584,Justice Arthur,48,Limited public recognition,Heuristic estimate,Low,Heuristic: current/deep league section,1
591,613,Kamal El Sayed,48,Limited public recognition,Heuristic estimate,Low,Heuristic: current/deep league section,1
592,636,Mabululu Jr.,48,Limited public recognition,Heuristic estimate,Low,Heuristic: current/deep league section,1
593,528,Maged Hani,48,Limited public recognition,Heuristic estimate,Low,Heuristic: current/deep league section,1
594,595,Matthew Ojor,48,Limited public recognition,Heuristic estimate,Low,Heuristic: current/deep league section,1
595,639,Mohamed Shika,48,Limited public recognition,Heuristic estimate,Low,Heuristic: current/deep league section,1
596,601,Moussa Diawara,48,Limited public recognition,Heuristic estimate,Low,Heuristic: current/deep league section,1
597,564,Nader Ramadan,48,Limited public recognition,Heuristic estimate,Low,Heuristic: current/deep league section,1
598,633,Naser Naser,48,Limited public recognition,Heuristic estimate,Low,Heuristic: current/deep league section,1
599,548,Odeh Fakhoury,48,Limited public recognition,Heuristic estimate,Low,Heuristic: current/deep league section,1
600,608,Osama Ezzat,48,Limited public recognition,Heuristic estimate,Low,Heuristic: current/deep league section,1
601,603,Osama Ibrahim,48,Limited public recognition,Heuristic estimate,Low,Heuristic: current/deep league section,2
602,550,Pascal Phiri,48,Limited public recognition,Heuristic estimate,Low,Heuristic: current/deep league section,1
603,600,Salah Bouchama,48,Limited public recognition,Heuristic estimate,Low,Heuristic: current/deep league section,1
604,637,Segun Oloruntoba,48,Limited public recognition,Heuristic estimate,Low,Heuristic: current/deep league section,1
605,625,Sobhi Soliman,48,Limited public recognition,Heuristic estimate,Low,Heuristic: current/deep league section,1
606,596,Umar Abdulrauf,48,Limited public recognition,Heuristic estimate,Low,Heuristic: current/deep league section,1
607,627,Youssry Wahid,48,Limited public recognition,Heuristic estimate,Low,Heuristic: current/deep league section,1
608,558,Ziad Haytham,48,Limited public recognition,Heuristic estimate,Low,Heuristic: current/deep league section,1
609,698,Body Samir,47,Limited public recognition,Heuristic estimate,Low,Heuristic: lower-recognition/deep league section,1
610,678,Dilson,47,Limited public recognition,Heuristic estimate,Low,Heuristic: lower-recognition/deep league section,1
611,667,Kabaka,47,Limited public recognition,Heuristic estimate,Low,Heuristic: lower-recognition/deep league section,1
612,623,Abdelrahman Attef,46,Limited public recognition,Heuristic estimate,Low,Heuristic: current/deep league section,1
613,585,Ahmed Abdin,46,Limited public recognition,Heuristic estimate,Low,Heuristic: current/deep league section,1
614,622,Ahmed Bahaa,46,Limited public recognition,Heuristic estimate,Low,Heuristic: current/deep league section,1
615,640,Ahmed Daador,46,Limited public recognition,Heuristic estimate,Low,Heuristic: current/deep league section,1
616,624,Ahmed Daoud,46,Limited public recognition,Heuristic estimate,Low,Heuristic: current/deep league section,1
617,599,Ahmed El Nadry,46,Limited public recognition,Heuristic estimate,Low,Heuristic: current/deep league section,1
618,540,Ahmed Esho,46,Limited public recognition,Heuristic estimate,Low,Heuristic: current/deep league section,1
619,586,Ahmed Hany,46,Limited public recognition,Heuristic estimate,Low,Heuristic: current/deep league section,1
620,529,Ahmed Hossam,46,Limited public recognition,Heuristic estimate,Low,Heuristic: current/deep league section,1
621,539,Ahmed Jafeli,46,Limited public recognition,Heuristic estimate,Low,Heuristic: current/deep league section,1
622,533,Ahmed Khodary,46,Limited public recognition,Heuristic estimate,Low,Heuristic: current/deep league section,1
623,635,Ahmed Nabil,46,Limited public recognition,Heuristic estimate,Low,Heuristic: current/deep league section,1
624,531,Ahmed Rabie,46,Limited public recognition,Heuristic estimate,Low,Heuristic: current/deep league section,1
625,597,Ahmed Reda,46,Limited public recognition,Heuristic estimate,Low,Heuristic: current/deep league section,1
626,578,Ahmed Sharaf,46,Limited public recognition,Heuristic estimate,Low,Heuristic: current/deep league section,1
627,538,Ahmed Sherif,46,Limited public recognition,Heuristic estimate,Low,Heuristic: current/deep league section,1
628,604,Ahmed Sobhi,46,Limited public recognition,Heuristic estimate,Low,Heuristic: current/deep league section,1
629,616,Ali Zazaa,46,Limited public recognition,Heuristic estimate,Low,Heuristic: current/deep league section,1
630,588,Amr Kalawa,46,Limited public recognition,Heuristic estimate,Low,Heuristic: current/deep league section,1
631,542,Amr Nasser,46,Limited public recognition,Heuristic estimate,Low,Heuristic: current/deep league section,1
632,574,Hassan Ali,46,Limited public recognition,Heuristic estimate,Low,Heuristic: current/deep league section,1
633,579,Hassan Yehia,46,Limited public recognition,Heuristic estimate,Low,Heuristic: current/deep league section,1
634,544,Ibrahim Touré,46,Limited public recognition,Heuristic estimate,Low,Heuristic: current/deep league section,1
635,571,Islam Attia,46,Limited public recognition,Heuristic estimate,Low,Heuristic: current/deep league section,1
636,583,Islam Reisha,46,Limited public recognition,Heuristic estimate,Low,Heuristic: current/deep league section,1
637,628,Islam Samir,46,Limited public recognition,Heuristic estimate,Low,Heuristic: current/deep league section,1
638,609,Karim Hassan,46,Limited public recognition,Heuristic estimate,Low,Heuristic: current/deep league section,1
639,560,Mahmoud El Gazzar,46,Limited public recognition,Heuristic estimate,Low,Heuristic: current/deep league section,1
640,526,Mahmoud Gehad,46,Limited public recognition,Heuristic estimate,Low,Heuristic: current/deep league section,1
641,618,Mahmoud Mamdouh,46,Limited public recognition,Heuristic estimate,Low,Heuristic: current/deep league section,1
642,593,Mohamed Abdallah,46,Limited public recognition,Heuristic estimate,Low,Heuristic: current/deep league section,1
643,570,Mohamed Ammar,46,Limited public recognition,Heuristic estimate,Low,Heuristic: current/deep league section,1
644,607,Mohamed Ashraf,46,Limited public recognition,Heuristic estimate,Low,Heuristic: current/deep league section,3
645,527,Mohamed Atef,46,Limited public recognition,Heuristic estimate,Low,Heuristic: current/deep league section,1
646,565,Mohamed Bayoumi,46,Limited public recognition,Heuristic estimate,Low,Heuristic: current/deep league section,1
647,580,Mohamed El Desoky,46,Limited public recognition,Heuristic estimate,Low,Heuristic: current/deep league section,1
648,569,Mohamed El Sawy,46,Limited public recognition,Heuristic estimate,Low,Heuristic: current/deep league section,1
649,605,Mohamed Essam,46,Limited public recognition,Heuristic estimate,Low,Heuristic: current/deep league section,2
650,562,Mohamed Fawzi,46,Limited public recognition,Heuristic estimate,Low,Heuristic: current/deep league section,1
651,610,Mohamed Grisha,46,Limited public recognition,Heuristic estimate,Low,Heuristic: current/deep league section,1
652,536,Mohamed Hamad,46,Limited public recognition,Heuristic estimate,Low,Heuristic: current/deep league section,1
653,563,Mohamed Hashim,46,Limited public recognition,Heuristic estimate,Low,Heuristic: current/deep league section,1
654,581,Mohamed Koko,46,Limited public recognition,Heuristic estimate,Low,Heuristic: current/deep league section,1
655,566,Mohamed Makhlouf,46,Limited public recognition,Heuristic estimate,Low,Heuristic: current/deep league section,1
656,617,Mohamed Mosaad,46,Limited public recognition,Heuristic estimate,Low,Heuristic: current/deep league section,1
657,614,Mohamed Rabia,46,Limited public recognition,Heuristic estimate,Low,Heuristic: current/deep league section,1
658,582,Mohamed Tarek,46,Limited public recognition,Heuristic estimate,Low,Heuristic: current/deep league section,1
659,612,Mostafa Makhlouf,46,Limited public recognition,Heuristic estimate,Low,Heuristic: current/deep league section,1
660,621,Omar El Said El Desoky,46,Limited public recognition,Heuristic estimate,Low,Heuristic: current/deep league section,1
661,559,Youssef Nader,46,Limited public recognition,Heuristic estimate,Low,Heuristic: current/deep league section,1
662,534,Youssef Wael,46,Limited public recognition,Heuristic estimate,Low,Heuristic: current/deep league section,1
663,675,Abdelmonem Tamer,45,Limited public recognition,Heuristic estimate,Low,Heuristic: lower-recognition/deep league section,1
664,777,Abdelrahman Shika,45,Limited public recognition,Heuristic estimate,Low,Heuristic: lower-recognition/deep league section,1
665,659,Aboubacar Diarra,45,Limited public recognition,Heuristic estimate,Low,Heuristic: lower-recognition/deep league section,1
666,685,Ahmed Adel Messi,45,Limited public recognition,Heuristic estimate,Low,Heuristic: lower-recognition/deep league section,1
667,683,Alia Sylla,45,Limited public recognition,Heuristic estimate,Low,Heuristic: lower-recognition/deep league section,1
668,691,Aliou Diedhiou,45,Limited public recognition,Heuristic estimate,Low,Heuristic: lower-recognition/deep league section,1
669,658,Arafat Masoud,45,Limited public recognition,Heuristic estimate,Low,Heuristic: lower-recognition/deep league section,1
670,651,Ashraf Magdy,45,Limited public recognition,Heuristic estimate,Low,Heuristic: lower-recognition/deep league section,1
671,756,Atef El-Tayeb,45,Limited public recognition,Heuristic estimate,Low,Heuristic: lower-recognition/deep league section,1
672,642,Babacar Ndiaye,45,Limited public recognition,Heuristic estimate,Low,Heuristic: lower-recognition/deep league section,1
673,673,Bendary Mosaad,45,Limited public recognition,Heuristic estimate,Low,Heuristic: lower-recognition/deep league section,1
674,770,Boubacar Diarra,45,Limited public recognition,Heuristic estimate,Low,Heuristic: lower-recognition/deep league section,1
675,664,Emad El Sayed,45,Limited public recognition,Heuristic estimate,Low,Heuristic: lower-recognition/deep league section,1
676,652,Emad Mayhoub,45,Limited public recognition,Heuristic estimate,Low,Heuristic: lower-recognition/deep league section,1
677,750,Fawzi Gamal,45,Limited public recognition,Heuristic estimate,Low,Heuristic: lower-recognition/deep league section,1
678,694,Freddy Ng'amba,45,Limited public recognition,Heuristic estimate,Low,Heuristic: lower-recognition/deep league section,1
679,645,Gaber Kamel,45,Limited public recognition,Heuristic estimate,Low,Heuristic: lower-recognition/deep league section,1
680,670,Hamdy Alaa,45,Limited public recognition,Heuristic estimate,Low,Heuristic: lower-recognition/deep league section,1
681,655,Hazem Temsah,45,Limited public recognition,Heuristic estimate,Low,Heuristic: lower-recognition/deep league section,1
682,736,Hisham Fathallah,45,Limited public recognition,Heuristic estimate,Low,Heuristic: lower-recognition/deep league section,1
683,166,Hussein Hegazi,45,Limited public recognition,Heuristic estimate,Low,Heuristic: lower-recognition/deep league section,1
684,679,Hussein Taimour,45,Limited public recognition,Heuristic estimate,Low,Heuristic: lower-recognition/deep league section,1
685,785,Khaled Samy,45,Limited public recognition,Heuristic estimate,Low,Heuristic: lower-recognition/deep league section,1
686,771,Khaled Sobhi,45,Limited public recognition,Heuristic estimate,Low,Heuristic: lower-recognition/deep league section,1
687,767,Lawrence Doe,45,Limited public recognition,Heuristic estimate,Low,Heuristic: lower-recognition/deep league section,1
688,662,Libasse Ngom,45,Limited public recognition,Heuristic estimate,Low,Heuristic: lower-recognition/deep league section,1
689,680,Mido Mostafa,45,Limited public recognition,Heuristic estimate,Low,Heuristic: lower-recognition/deep league section,1
690,674,Mohamed Mazzika,45,Limited public recognition,Heuristic estimate,Low,Heuristic: lower-recognition/deep league section,1
691,671,Muhammed Sawaneh,45,Limited public recognition,Heuristic estimate,Low,Heuristic: lower-recognition/deep league section,1
692,757,Nana Antwi,45,Limited public recognition,Heuristic estimate,Low,Heuristic: lower-recognition/deep league section,1
693,782,Osama El Azhari,45,Limited public recognition,Heuristic estimate,Low,Heuristic: lower-recognition/deep league section,1
694,657,Ousseynou Bodian,45,Limited public recognition,Heuristic estimate,Low,Heuristic: lower-recognition/deep league section,1
695,668,Peter Zilu Mutumosi,45,Limited public recognition,Heuristic estimate,Low,Heuristic: lower-recognition/deep league section,1
696,648,Ramez Medhat,45,Limited public recognition,Heuristic estimate,Low,Heuristic: lower-recognition/deep league section,1
697,725,Rami Bedawi,45,Limited public recognition,Heuristic estimate,Low,Heuristic: lower-recognition/deep league section,1
698,759,Richard Baffour,45,Limited public recognition,Heuristic estimate,Low,Heuristic: lower-recognition/deep league section,1
699,707,Roshdy Awad,45,Limited public recognition,Heuristic estimate,Low,Heuristic: lower-recognition/deep league section,1
700,752,Samir Mahmoud,45,Limited public recognition,Heuristic estimate,Low,Heuristic: lower-recognition/deep league section,1
701,649,Seif Emam,45,Limited public recognition,Heuristic estimate,Low,Heuristic: lower-recognition/deep league section,1
702,677,Shady Ashraf,45,Limited public recognition,Heuristic estimate,Low,Heuristic: lower-recognition/deep league section,1
703,682,Sherif Reda,45,Limited public recognition,Heuristic estimate,Low,Heuristic: lower-recognition/deep league section,1
704,666,Tarek Alaa,45,Limited public recognition,Heuristic estimate,Low,Heuristic: lower-recognition/deep league section,1
705,754,Tarek Soliman,45,Limited public recognition,Heuristic estimate,Low,Heuristic: lower-recognition/deep league section,1
706,167,Tewfik Abdullah,45,Limited public recognition,Heuristic estimate,Low,Heuristic: lower-recognition/deep league section,1
707,788,Yasser Ibrahim Farag,45,Limited public recognition,Heuristic estimate,Low,Heuristic: lower-recognition/deep league section,1
708,644,Yassin El Mallah,45,Limited public recognition,Heuristic estimate,Low,Heuristic: lower-recognition/deep league section,1
709,701,Ziad Seyam,45,Limited public recognition,Heuristic estimate,Low,Heuristic: lower-recognition/deep league section,1
710,735,Abdel Rahman Farouk,43,Limited public recognition,Heuristic estimate,Low,Heuristic: lower-recognition/deep league section,1
711,669,Abdelrahman Emad,43,Limited public recognition,Heuristic estimate,Low,Heuristic: lower-recognition/deep league section,1
712,780,Abdelrahman Farid,43,Limited public recognition,Heuristic estimate,Low,Heuristic: lower-recognition/deep league section,1
713,773,Abdelrahman Gamaan,43,Limited public recognition,Heuristic estimate,Low,Heuristic: lower-recognition/deep league section,1
714,641,Abdelrahman Rashdan,43,Limited public recognition,Heuristic estimate,Low,Heuristic: lower-recognition/deep league section,1
715,792,Abdelrahman Samir,43,Limited public recognition,Heuristic estimate,Low,Heuristic: lower-recognition/deep league section,1
716,709,Ahmed Abdel Fattah,43,Limited public recognition,Heuristic estimate,Low,Heuristic: lower-recognition/deep league section,1
717,783,Ahmed Abdel Nabi,43,Limited public recognition,Heuristic estimate,Low,Heuristic: lower-recognition/deep league section,1
718,733,Ahmed Abdelghany,43,Limited public recognition,Heuristic estimate,Low,Heuristic: lower-recognition/deep league section,1
719,730,Ahmed Abdelrasoul,43,Limited public recognition,Heuristic estimate,Low,Heuristic: lower-recognition/deep league section,1
720,774,Ahmed Ashraf,43,Limited public recognition,Heuristic estimate,Low,Heuristic: lower-recognition/deep league section,1
721,684,Ahmed Eid,43,Limited public recognition,Heuristic estimate,Low,Heuristic: lower-recognition/deep league section,2
722,705,Ahmed El Araby,43,Limited public recognition,Heuristic estimate,Low,Heuristic: lower-recognition/deep league section,1
723,755,Ahmed El Gendy,43,Limited public recognition,Heuristic estimate,Low,Heuristic: lower-recognition/deep league section,1
724,706,Ahmed Fawzy,43,Limited public recognition,Heuristic estimate,Low,Heuristic: lower-recognition/deep league section,1
725,702,Ahmed Ghandour,43,Limited public recognition,Heuristic estimate,Low,Heuristic: lower-recognition/deep league section,1
726,689,Ahmed Hakam,43,Limited public recognition,Heuristic estimate,Low,Heuristic: lower-recognition/deep league section,1
727,713,Ahmed Kalosha,43,Limited public recognition,Heuristic estimate,Low,Heuristic: lower-recognition/deep league section,1
728,794,Ahmed Magdy Abdelrahman,43,Limited public recognition,Heuristic estimate,Low,Heuristic: lower-recognition/deep league section,1
729,734,Ahmed Magdy Bassiouny,43,Limited public recognition,Heuristic estimate,Low,Heuristic: lower-recognition/deep league section,1
730,716,Ahmed Meteb,43,Limited public recognition,Heuristic estimate,Low,Heuristic: lower-recognition/deep league section,1
731,729,Ahmed Mohsen,43,Limited public recognition,Heuristic estimate,Low,Heuristic: lower-recognition/deep league section,1
732,710,Ahmed Nader El Sayed,43,Limited public recognition,Heuristic estimate,Low,Heuristic: lower-recognition/deep league section,1
733,747,Ahmed Ramzy,43,Limited public recognition,Heuristic estimate,Low,Heuristic: lower-recognition/deep league section,1
734,653,Ahmed Sabeha,43,Limited public recognition,Heuristic estimate,Low,Heuristic: lower-recognition/deep league section,1
735,660,Ahmed Saber,43,Limited public recognition,Heuristic estimate,Low,Heuristic: lower-recognition/deep league section,1
736,737,Ahmed Sabri,43,Limited public recognition,Heuristic estimate,Low,Heuristic: lower-recognition/deep league section,1
737,787,Ahmed Salah,43,Limited public recognition,Heuristic estimate,Low,Heuristic: lower-recognition/deep league section,1
738,647,Ahmed Shaaban,43,Limited public recognition,Heuristic estimate,Low,Heuristic: lower-recognition/deep league section,1
739,723,Ahmed Shousha,43,Limited public recognition,Heuristic estimate,Low,Heuristic: lower-recognition/deep league section,1
740,746,Ahmed Soliman,43,Limited public recognition,Heuristic estimate,Low,Heuristic: lower-recognition/deep league section,1
741,676,Ahmed Tarek,43,Limited public recognition,Heuristic estimate,Low,Heuristic: lower-recognition/deep league section,1
742,692,Ahmed Yehia,43,Limited public recognition,Heuristic estimate,Low,Heuristic: lower-recognition/deep league section,1
743,654,Ahmed Youssef,43,Limited public recognition,Heuristic estimate,Low,Heuristic: lower-recognition/deep league section,1
744,795,Ali Eid,43,Limited public recognition,Heuristic estimate,Low,Heuristic: lower-recognition/deep league section,1
745,708,Ali Farag,43,Limited public recognition,Heuristic estimate,Low,Heuristic: lower-recognition/deep league section,1
746,665,Ali Fawzy,43,Limited public recognition,Heuristic estimate,Low,Heuristic: lower-recognition/deep league section,1
747,693,Ali Suleiman,43,Limited public recognition,Heuristic estimate,Low,Heuristic: lower-recognition/deep league section,1
748,717,Amr El Saadawy,43,Limited public recognition,Heuristic estimate,Low,Heuristic: lower-recognition/deep league section,1
749,699,Amr Hossam,43,Limited public recognition,Heuristic estimate,Low,Heuristic: lower-recognition/deep league section,1
750,739,Hassan Hamdy,43,Limited public recognition,Heuristic estimate,Low,Heuristic: lower-recognition/deep league section,1
751,776,Hassan Mohamed,43,Limited public recognition,Heuristic estimate,Low,Heuristic: lower-recognition/deep league section,1
752,744,Hassan Mokhtar,43,Limited public recognition,Heuristic estimate,Low,Heuristic: lower-recognition/deep league section,1
753,743,Hassan Orabi,43,Limited public recognition,Heuristic estimate,Low,Heuristic: lower-recognition/deep league section,1
754,793,Hassan Yassin,43,Limited public recognition,Heuristic estimate,Low,Heuristic: lower-recognition/deep league section,1
755,726,Ibrahim El Kady,43,Limited public recognition,Heuristic estimate,Low,Heuristic: lower-recognition/deep league section,1
756,732,Ibrahim El Sayed,43,Limited public recognition,Heuristic estimate,Low,Heuristic: lower-recognition/deep league section,1
757,718,Islam Abou Sleima,43,Limited public recognition,Heuristic estimate,Low,Heuristic: lower-recognition/deep league section,1
758,704,Islam Tarek,43,Limited public recognition,Heuristic estimate,Low,Heuristic: lower-recognition/deep league section,1
759,646,Karim El Tayeb,43,Limited public recognition,Heuristic estimate,Low,Heuristic: lower-recognition/deep league section,1
760,687,Mahmoud Abdel Aziz,43,Limited public recognition,Heuristic estimate,Low,Heuristic: lower-recognition/deep league section,1
761,650,Mahmoud Bolbol,43,Limited public recognition,Heuristic estimate,Low,Heuristic: lower-recognition/deep league section,1
762,728,Mahmoud El Badry,43,Limited public recognition,Heuristic estimate,Low,Heuristic: lower-recognition/deep league section,1
763,791,Mahmoud Ezzat,43,Limited public recognition,Heuristic estimate,Low,Heuristic: lower-recognition/deep league section,1
764,781,Mahmoud Gozlan,43,Limited public recognition,Heuristic estimate,Low,Heuristic: lower-recognition/deep league section,1
765,711,Mahmoud Hamdy,43,Limited public recognition,Heuristic estimate,Low,Heuristic: lower-recognition/deep league section,1
766,784,Mahmoud Mansour,43,Limited public recognition,Heuristic estimate,Low,Heuristic: lower-recognition/deep league section,1
767,749,Mahmoud Saad,43,Limited public recognition,Heuristic estimate,Low,Heuristic: lower-recognition/deep league section,1
768,779,Mohamed Abdel Baset,43,Limited public recognition,Heuristic estimate,Low,Heuristic: lower-recognition/deep league section,1
769,796,Mohamed Abdel Hamid,43,Limited public recognition,Heuristic estimate,Low,Heuristic: lower-recognition/deep league section,1
770,712,Mohamed Abdel Nasser,43,Limited public recognition,Heuristic estimate,Low,Heuristic: lower-recognition/deep league section,1
771,772,Mohamed Abdelaziz,43,Limited public recognition,Heuristic estimate,Low,Heuristic: lower-recognition/deep league section,1
772,727,Mohamed Abdelrazek,43,Limited public recognition,Heuristic estimate,Low,Heuristic: lower-recognition/deep league section,1
773,753,Mohamed Abo El-Dahab,43,Limited public recognition,Heuristic estimate,Low,Heuristic: lower-recognition/deep league section,1
774,697,Mohamed Alaa,43,Limited public recognition,Heuristic estimate,Low,Heuristic: lower-recognition/deep league section,1
775,690,Mohamed Ashraf,43,Limited public recognition,Heuristic estimate,Low,Heuristic: lower-recognition/deep league section,3
776,786,Mohamed Attwa,43,Limited public recognition,Heuristic estimate,Low,Heuristic: lower-recognition/deep league section,1
777,769,Mohamed Camara,43,Limited public recognition,Heuristic estimate,Low,Heuristic: lower-recognition/deep league section,1
778,775,Mohamed El Sayed,43,Limited public recognition,Heuristic estimate,Low,Heuristic: lower-recognition/deep league section,1
779,703,Mohamed El Wakeel,43,Limited public recognition,Heuristic estimate,Low,Heuristic: lower-recognition/deep league section,1
780,686,Mohamed Essam El Taher,43,Limited public recognition,Heuristic estimate,Low,Heuristic: lower-recognition/deep league section,1
781,643,Mohamed Fakhri,43,Limited public recognition,Heuristic estimate,Low,Heuristic: lower-recognition/deep league section,1
782,738,Mohamed Gamal,43,Limited public recognition,Heuristic estimate,Low,Heuristic: lower-recognition/deep league section,1
783,663,Mohamed Hamdi,43,Limited public recognition,Heuristic estimate,Low,Heuristic: lower-recognition/deep league section,1
784,790,Mohamed Mostafa,43,Limited public recognition,Heuristic estimate,Low,Heuristic: lower-recognition/deep league section,1
785,688,Mohamed Nasr,43,Limited public recognition,Heuristic estimate,Low,Heuristic: lower-recognition/deep league section,1
786,695,Mohamed Omar El Nour,43,Limited public recognition,Heuristic estimate,Low,Heuristic: lower-recognition/deep league section,1
787,760,Mohamed Ouattara,43,Limited public recognition,Heuristic estimate,Low,Heuristic: lower-recognition/deep league section,1
788,681,Mohamed Ragab,43,Limited public recognition,Heuristic estimate,Low,Heuristic: lower-recognition/deep league section,2
789,731,Mostafa Abdelraouf,43,Limited public recognition,Heuristic estimate,Low,Heuristic: lower-recognition/deep league section,1
790,724,Mostafa Dowidar,43,Limited public recognition,Heuristic estimate,Low,Heuristic: lower-recognition/deep league section,1
791,714,Mostafa El Aash,43,Limited public recognition,Heuristic estimate,Low,Heuristic: lower-recognition/deep league section,1
792,661,Mostafa Shakshak,43,Limited public recognition,Heuristic estimate,Low,Heuristic: lower-recognition/deep league section,1
793,672,Mostafa Soltan,43,Limited public recognition,Heuristic estimate,Low,Heuristic: lower-recognition/deep league section,1
794,778,Mostafa Zaghloul,43,Limited public recognition,Heuristic estimate,Low,Heuristic: lower-recognition/deep league section,1
795,656,Omar Osama Hassan,43,Limited public recognition,Heuristic estimate,Low,Heuristic: lower-recognition/deep league section,1
796,700,Omar Salah,43,Limited public recognition,Heuristic estimate,Low,Heuristic: lower-recognition/deep league section,1
