Player Name,Nationality,DOB,Position,Senior Clubs Played For,wikidata_qid
Hussein Hegazi,Egypt,09/14/1891,FWD,"Dulwich Hamlet, Fulham, Sekka El Hadid, Al Ahly, Zamalek",
Tewfik Abdullah,Egypt,06/23/1896,FWD,"Al Ahly, Zamalek, Derby County, Cowdenbeath, Providence Clamdiggers, Fall River Marksmen, New York Nationals",
Mokhtar El-Tetsh,Egypt,10/12/1905,FWD,Al Ahly,
Abdulrahman Fawzi,Egypt,08/11/1909,FWD,"Al-Masry, Zamalek",
Mustafa Mansour,Egypt,08/02/1914,GK,"Al Ahly, Queen's Park",
Hanafy Bastan,Egypt,01/06/1922,DEF,Zamalek,
Mohamed El-Ghazaly,Egypt,05/11/1923,DEF,Zamalek,
Al-Sayed Al-Dizwi,Egypt,09/14/1926,FWD,"Al-Masry, Al Ahly",
Ad-Diba (Mohamed Diab El-Attar),Egypt,11/17/1927,FWD,Ittihad Alexandria,
Saleh Selim,Egypt,09/11/1930,FWD,Hussein Hegazi,
Rifaat El-Fanagily,Egypt,05/01/1936,MID,Al Ahly,
Tarek Selim,Egypt,07/15/1937,DEF,Al Ahly,
Mimi El-Sherbini,Egypt,07/26/1937,DEF,Al Ahly,
Abdel-Hamid El-Shaheen,Egypt,11/01/1939,GK,Zamalek,
Ahmed Mostafa,Egypt,03/08/1940,DEF,Zamalek,
Ezz El-Din Yaqoub,Egypt,03/15/1941,FWD,Olympic Club,
Mustafa Reyadh,Egypt,04/05/1941,FWD,Tersana,
Mahmoud Abou-Regaila,Egypt,09/09/1941,DEF,Zamalek,
Hassan El-Shazly,Egypt,11/13/1943,FWD,Tersana,
Hamada Emam,Egypt,11/28/1943,FWD,Zamalek,
Shehta El-Iskandarani,Egypt,04/18/1944,MID,Ittihad El-Iskandary,
Mahmoud Bakr,Egypt,06/04/1944,DEF,Olympic Club,
Kwaku Afriyie (Ahmet Feliks),Ghana,03/01/1945,MID,Ismaily,
Taha Basry,Egypt,10/02/1946,MID,"Zamalek, Al-Arabi",
Meshmesh (Hany Moustafa),Egypt,01/27/1947,DEF,Al Ahly,
Anwar Salama,Egypt,02/20/1947,MID,Al Ahly,
Hassan Shehata,Egypt,06/19/1947,FWD,"Zamalek, Kazma",
Ali Abo Gresha,Egypt,11/29/1947,FWD,Ismaily,
Bobo (Ezz El-Din Yaqoub),Egypt,11/23/1948,DEF,Ittihad El-Iskandary,
Ahmed Abou Rehab,Egypt,03/12/1950,FWD,Ismaily,
Sayed Al-Thaalab,Egypt,11/05/1951,DEF,El-Mansoura,
Farouk Gaafar,Egypt,12/05/1952,MID,Zamalek,
Moustafa Abdou,Egypt,06/10/1953,FWD,Al Ahly,
Joseph-Antoine Bell,Cameroon,10/08/1954,GK,"Union Douala, Africa Sports, Arab Contractors, Marseille, Toulon, Bordeaux, Saint-Étienne",
Mahmoud El-Khatib (Bibo),Egypt,10/30/1954,FWD,Al Ahly,
Adel El-Maamour,Egypt,11/12/1954,GK,Zamalek,
Moustafa Abdou (Cherif),Egypt,04/21/1955,FWD,Al Ahly,
Hamdi Nouh,Egypt,12/12/1955,FWD,"Arab Contractors, Ismaily",
Cheta (Mohamed Seddik),Egypt,01/11/1956,MID,Arab Contractors,
Gamal Abdel-Hamid,Egypt,11/24/1957,FWD,"Al Ahly, Zamalek",
Mohamed Radwan,Egypt,04/17/1958,DEF,Arab Contractors,
Shawky Gharieb,Egypt,02/11/1959,MID,Ghazl El-Mahalla,
Ali Shehata,Egypt,06/20/1959,DEF,Arab Contractors,
Magdi Abdelghani,Egypt,07/27/1959,MID,"Al Ahly, Beira-Mar, Marbella, Zamalek, El Mokawloon",
Nasser Mohamed Ali,Egypt,01/14/1960,FWD,Arab Contractors,
Mahmoud Saleh,Egypt,08/16/1960,DEF,Al Ahly,
Rabie Yassin,Egypt,09/07/1960,DEF,Al Ahly,
Ahmed Shobair,Egypt,09/28/1960,GK,"Tanta, Al Ahly",
Abdel-Rasoul Ahmed,Egypt,11/10/1961,MID,El-Minya,
Alaa Mayhoub,Egypt,01/19/1962,MID,"Al Ahly, El-Olimpi",
Taher Abouzeid,Egypt,04/01/1962,MID,Al Ahly,
Hesham Yakan,Egypt,08/10/1962,DEF,Zamalek,
Mohamed Helmy,Egypt,10/29/1962,MID,Zamalek,
Ayman Shawky,Egypt,12/09/1962,FWD,"Al-Kroum, Al Ahly, Zamalek",
Ayman Younes,Egypt,02/20/1964,MID,Zamalek,
Ismail Youssef,Egypt,06/28/1964,MID,Zamalek,
Reda Abdel Aal,Egypt,03/15/1965,MID,Zamalek; Al Ahly; Al Qanah,
Ahmed El-Kass,Egypt,07/08/1965,FWD,"Olympic Club, Zamalek, Ittihad Alexandria",
Hussein Abdel-Latif,Egypt,12/18/1965,DEF,"El-Minya, Zamalek",
Ashraf Kasem,Egypt,07/25/1966,DEF,"Zamalek, Al-Hilal",
Hossam Hassan,Egypt,08/10/1966,FWD,"Al Ahly, PAOK, Neuchâtel Xamax, Al Ain, Zamalek, Al-Masry, Tersana, Ittihad Alexandria",
Ibrahim Hassan,Egypt,08/10/1966,DEF,"Al Ahly, PAOK, Neuchâtel Xamax, Al Ain, Zamalek, Al-Masry",
Hany Ramzy,Egypt,03/10/1969,DEF,"Al Ahly, Neuchâtel Xamax, Werder Bremen, 1. FC Kaiserslautern, 1. FC Saarbrücken",
Amr El-Hadidy,Egypt,12/24/1969,DEF,"Ghazl El-Mahalla, Al Ahly, Arab Contractors",
Khaled El-Ghandour,Egypt,01/10/1970,MID,"Zamalek, Kazma, Tersana, Ittihad El-Iskandary",
Yasser Rayyan,Egypt,03/25/1970,MID,"El-Mansoura, Al Ahly, ENPPI",
Gaddafi (Mohamed Ramadan),Egypt,11/15/1970,FWD,"Tersana, Al Ahly",
Emmanuel Amuneke,Nigeria,12/25/1970,FWD,"Concord, Julius Berger, Zamalek, Sporting CP, Barcelona, Albacete, Busan I'Cons, Al-Wehdat",
Walid Salah El-Din,Egypt,10/27/1971,MID,"Al Ahly, Ittihad El-Iskandary",
Mohamed Salah El-Din,Egypt,11/12/1971,MID,Al Ahly,
Sami El-Sheshini,Egypt,01/23/1972,DEF,"Zamalek, El-Kuwait, El-Gouna",
Samir Kamouna,Egypt,04/02/1972,DEF,"Al Ahly, 1. FC Kaiserslautern, Bursaspor, الاتفاق, El Mokawloon, Al-Masry",
Yasser Radwan,Egypt,04/22/1972,DEF,"Baladeyet El Mahalla, Hansa Rostock, Al Ahly, Ghazl El Mahalla",
Nader El-Sayed,Egypt,12/31/1972,GK,"Zamalek, Club Brugge, Goldi, Akratitos, Al-Ittihad, Al Ahly, ENPPI",
Essam El-Hadary,Egypt,01/15/1973,GK,"Damietta, Al Ahly, Sion, Ismaily, Zamalek, Al-Merrikh, Ittihad El-Iskandary, Wadi Degla, Al-Taawoun, Nogoom",
Abdel Halim Ali,Egypt,10/24/1973,FWD,Eastern Company; Zamalek,
Abdel-Zaher El-Saqqa,Egypt,01/30/1974,DEF,"El Mansoura, Denizlispor, Gençlerbirliği, Konyaspor, Eskişehirspor",
Abdel Sattar Sabry,Egypt,06/19/1974,MID,"Al Mokawloon, Tirol Innsbruck, PAOK, Benfica, Marítimo, Estrela da Amadora, ENPPI, Tala'ea El Gaish",
Mohamed Emara,Egypt,07/10/1974,DEF,Al Ahly; Hansa Rostock; Al Masry,
Medhat Abdel-Hady,Egypt,07/12/1974,DEF,"Zamalek, Kocaelispor, Petrojet",
Osama Nabih,Egypt,01/20/1975,FWD,"Zamalek, Tersana, Ittihad El-Iskandary, Ittihad Tripoli",
Sebastien Charlot (Elijah Tana),Zambia,02/28/1975,DEF,"Nchanga Rangers, Petro de Luanda, El-Entag El-Harby, Zamalek",
Ahmed Hassan,Egypt,05/02/1975,MID,"Aswan, Ismaily, Kocaelispor, Denizlispor, Gençlerbirliği, Beşiktaş, Anderlecht, Al Ahly, Zamalek",
Hazem Emam,Egypt,05/10/1975,MID,"Zamalek, Udinese, De Graafschap",
Wael Gomaa,Egypt,08/03/1975,DEF,"Ghazl El Mahalla, Al Ahly, Al-Siliya",
Tamer Abdel Hamid,Egypt,10/27/1975,MID,Zamalek; Al Masry; Ittihad Alexandria,
Felix Aboagye,Ghana,12/05/1975,FWD,"Hearts of Oak, Al Ahly, Olympiacos, Zamalek, Qatar SC, El-Zohour",
Emad El Nahhas,Egypt,02/15/1976,DEF,Aswan; Ismaily; Al Ahly,
Khaled Bebo,Egypt,10/06/1976,FWD,Suez Cement; Ismaily; Al Ahly; Petrojet,
Islam El-Shater,Egypt,11/16/1976,DEF,Olympic; Ismaily; Zamalek; Ittihad Jeddah; Al Ahly; Haras El Hodoud; Petrojet,
Mohamed Barakat,Egypt,11/20/1976,MID,"Sekka El Hadid, Ismaily, Al-Ahli (Jeddah), Al-Arabi (Doha), Al Ahly",
Mohamed Abdel Monsef,Egypt,02/06/1977,GK,Zamalek; El Gouna; ENPPI; Wadi Degla; Ittihad Alexandria,
Abdelwahed El Sayed,Egypt,06/03/1977,GK,Zamalek; Misr Lel Makkasa,
Shady Mohamed,Egypt,11/29/1977,DEF,"El-Kroum, Al Ahly, Ismaily, Ittihad El-Iskandary, Baniyas",
Meshika (Mohamed Seddik),Egypt,01/01/1978,DEF,"Al-Kroum, Zamalek, Al Ahly, Ismaily, Ittihad El-Iskandary",
Anis Boujelbene,Tunisia,02/06/1978,MID,CS Sfaxien; Al Ahly; Al Khaleej; Club Africain,
Tarek El-Said,Egypt,04/05/1978,MID,"Zamalek, Anderlecht, Ismaily, Al Ahly",
Mohamed Aboutrika,Egypt,11/07/1978,MID,"Tersana, Al Ahly, Baniyas",
Ayman Abdel-Aziz,Egypt,11/20/1978,MID,"Zamalek, Kocaelispor, Malatyaspor, Gençlerbirliği, Trabzonspor, Konyaspor, Diyarbakırspor, Çaykur Rizespor, Misr Lel Makkasa",
Mohamed Homos,Egypt,01/01/1979,MID,Ismaily; Wadi Degla,
Amir Abdelhamid,Egypt,04/24/1979,GK,Al Ahly; Al Masry; Smouha; Wadi Degla,
Sayed Moawad,Egypt,05/25/1979,DEF,"Aluminium Nag Hammadi, Ismaily, Trabzonspor, Al Ahly",
Ahmed Salah Hosny,Egypt,07/11/1979,FWD,Al Ahly; VfB Stuttgart; Gent; Rizespor; Ismaily,
Ibrahim Said,Egypt,10/16/1979,DEF,"Al Ahly, Everton, Zamalek, Çaykur Rizespor, Ankaragücü, Ismaily, Ittihad Alexandria",
Flávio Amado,Angola,12/30/1979,FWD,"Petro de Luanda, Al Ahly, Al-Shabab, Al-Kharaitiyat, Lierse",
Hany Said,Egypt,04/22/1980,DEF,Al Ahly; Bari; Bellinzona; Messina; Fiorentina; Pistoiese; Mons; Al Masry; Ismaily; Zamalek; Misr Lel Makkasa; Smouha,
Ahmed Eid Abdel Malek,Egypt,05/15/1980,FWD,"Aswan, Zamalek, Haras El Hodoud, Al-Ahly (Benghazi), Tala'ea El Gaish, Al-Masry, Wadi Degla, El Gouna",
Florent Malouda,France,06/13/1980,MID,Châteauroux; Guingamp; Lyon; Chelsea; Trabzonspor; Metz; Delhi Dynamos; Wadi Degla; Differdange,
Mohamed Aboul Ela,Egypt,07/01/1980,MID,Zamalek; ENPPI; El Entag El Harby,
Godwin Attram,Ghana,08/07/1980,FWD,PSV; Silkeborg; Stade Tunisien; Al-Shabab; Al-Hazem; Al-Shaab; Smouha; Hajer; Great Olympics,
Mohamed Fadl,Egypt,08/12/1980,FWD,Al Ahly; Ittihad Jeddah; Ismaily; Al Masry; ENPPI; Smouha; Al Mokawloon,
Ahmed Belal,Egypt,08/20/1980,FWD,"Al Ahly, Konyaspor, Ankaragücü, Smouha, Telephonat Beni Suef",
Reda Shehata,Egypt,10/04/1980,MID,"El-Mansoura, Al Ahly, ENPPI, Ittihad El-Iskandary, El-Gouna",
Mohamed Sobhi,Egypt,08/30/1981,GK,Ismaily; Smouha; Misr Lel Makkasa; Wadi Degla; El Dakhleya,
Salah Amin,Egypt,09/18/1981,FWD,"Ismaily, Tala'ea El-Gaish, Smouha, El-Entag El-Harby, Wadi Degla",
Ahmed Samir Abdel Moneim,Egypt,10/03/1981,DEF,Baladeyet El Mahalla; Zamalek; Haras El Hodoud; Lierse; Zamalek; Al Masry,
Mohamed Shawky,Egypt,10/05/1981,MID,"El Mansoura, Al Ahly, Middlesbrough, Kayserispor, Al-Naft, Kelantan",
Gamal Hamza,Egypt,12/05/1981,FWD,Zamalek; Mainz 05; El Gouna; Misr Lel Makkasa,
Mohamed Zidan,Egypt,12/11/1981,FWD,"Al-Masry, AB, Midtjylland, Werder Bremen, Mainz 05, Hamburger SV, Borussia Dortmund, Baniyas, El Entag El Harby",
Hossam Ghaly,Egypt,12/15/1981,MID,"Al Ahly, Feyenoord, Tottenham Hotspur, Derby County, Al-Nassr, Lierse",
John Utaka,Nigeria,01/08/1982,FWD,"Enugu Rangers, Arab Contractors, Ismaily, Al-Sadd, Lens, Rennes, Portsmouth, Montpellier, Sivasspor, Ismaily, Sedan",
Wael Reyad,Egypt,02/08/1982,MID,Al Ahly; Grazer AK; Petrojet; El Gouna,
Mahmoud Fathallah,Egypt,02/12/1982,DEF,Ghazl El Mahalla; Zamalek; Tala’ea El Gaish; El Entag El Harby; Nogoom,
Mohamed El Yamani,Egypt,02/25/1982,FWD,Ismaily; Standard Liège; Zamalek; Ittihad Alexandria,
Ahmed Hassan Farag,Egypt,06/09/1982,FWD,Beni Suef; Al-Tahaddi; Aluminium; Ghazl El Mahalla; Al Ahly; Ittihad El Shorta; El Gouna,
Osama Hosny,Egypt,06/18/1982,FWD,Al Ahly; Misr Lel Makkasa; Haras El Hodoud,
Ahmed Raouf,Egypt,09/15/1982,FWD,"Al-Qanah, ENPPI, Al Ahly, Al-Masry, Smouha, Wadi Degla, Petrojet",
Omar Gamal,Egypt,09/16/1982,MID,Al Aluminum; Ismaily; Al-Ahly Benghazi; Zamalek; Al Mokawloon; Ceramica Cleopatra,
Gilberto (Felisberto Sebastião),Angola,09/21/1982,DEF,"Petro de Luanda, Al Ahly, Lierse, AEL Limassol, Benfica Luanda",
Mohamed El-Garny,Egypt,01/15/1983,MID,"Zamalek, El-Gouna, Arab Contractors",
Mohamed Naguib,Egypt,01/19/1983,DEF,Ittihad Alexandria; Ittihad El Shorta; Al Ahly; El Gouna,
Emad Moteab,Egypt,02/20/1983,FWD,"Al Ahly, Al-Ittihad, Al-Taawoun",
Mido (Ahmed Hossam),Egypt,02/23/1983,FWD,"Zamalek, Gent, Ajax, Celta Vigo, Marseille, Roma, Tottenham Hotspur, Middlesbrough, Wigan Athletic, West Ham United, Barnsley",
Sherif Abdel-Fadil,Egypt,03/02/1983,DEF,"Ismaily, Al Ahly, Smouha",
Amr Zaki,Egypt,04/01/1983,FWD,"El Mansoura, ENPPI, Lokomotiv Moscow, Zamalek, Wigan Athletic, Hull City, Elazığspor, Al-Salmiya, Raja Casablanca, Al-Ahed, Al Mokawloon",
Akwetey Mensah,Ghana,04/15/1983,MID,"Ismaily, Al Ahly, El-Masry, Lierse, Wadi Degla",
Mohamed Abdullah,Egypt,05/23/1983,DEF,"Ismaily, Al Ahly, Konyaspor, Zamalek, Ittihad El-Iskandary, Smouha, El-Entag El-Harby",
Sherif Ekramy,Egypt,07/10/1983,GK,"Al Ahly, Feyenoord, Ankaragücü, El Gouna, Pyramids",
Mohamed Abdelwahab,Egypt,10/01/1983,DEF,"Aluminium Nag Hammadi, ENPPI, Al-Dhafra, Al Ahly",
Moataz Eno,Egypt,10/09/1983,MID,"Zamalek, Al Ahly, Smouha, Haras El Hodoud, Tala'ea El Gaish",
Hossam Paulo,Egypt,11/15/1983,FWD,El Dakhleya; Smouha; Zamalek; Ittihad Alexandria,
Sayed Hamdy,Egypt,03/01/1984,FWD,"Tanta, Vodafone, Petrojet, Al Ahly, Misr Lel-Makkasa, El-Masry",
Ernest Papa Arko,Ghana,05/12/1984,FWD,"Liberty Professionals, Zamalek, Tala'ea El-Gaish, Arab Contractors, Smouha, El-Entag El-Harby",
El-Hani Soliman,Egypt,08/07/1984,GK,Al Ittihad Alexandria; El Gouna; Smouha,
Nour El Sayed,Egypt,01/09/1984,MID,El Gouna; Zamalek; ENPPI; Al Ittihad Alexandria,
Aristide Bancé,Burkina Faso,09/19/1984,FWD,Lokeren; Metalurh Donetsk; Mainz; Augsburg; Al Masry; El Gouna,
Gedo (Mohamed Nagy),Egypt,10/30/1984,FWD,"Ala'ab Damanhour, Ittihad Alexandria, Al Ahly, Hull City, El Entag El Harby, El Gouna",
Hosny Abd Rabo,Egypt,11/01/1984,MID,"Ismaily, Strasbourg, Al-Ahli (Dubai), Ittihad (Jeddah), Al-Nassr",
Ahmed Fathy,Egypt,11/10/1984,DEF,"Ismaily, Sheffield United, Al Ahly, Kazma, Hull City, Umm Salal, Pyramids",
Walid Soliman,Egypt,12/01/1984,MID,"Haras El Hodoud, El Gouna, Petrojet, Al-Ahli (Jeddah), ENPPI, Al Ahly",
Emeka Opara,Nigeria,12/02/1984,FWD,"Enugu Rangers, Étoile du Sahel, Kaiserslautern, Khazar Lankaran, Al-Masry",
Ahmed Abdel Zaher,Egypt,01/15/1985,FWD,ENPPI; Al Ahly; Smouha; Misr Lel Makkasa,
Amr Al-Halwani,Egypt,03/15/1985,DEF,"Al Ahly, Apollon Kalamarias, Veria, Ionikos, ENPPI, Aswan, Haras El-Hodoud",
Minusu Buba,Nigeria,04/18/1985,FWD,"Lobi Stars, Ittihad El-Iskandary, ENPPI, Arab Contractors, El-Gouna, Misr Lel-Makkasa, El-Dakhleya",
Ashour El-Adham,Egypt,06/11/1985,MID,"Al-Masry, Zamalek, El-Gouna, Ittihad El-Iskandary, Misr Lel-Makkasa",
Mohamed Abdel-Shafy,Egypt,07/01/1985,DEF,"ENPPI, Ghazl El Mahalla, Zamalek, Al-Ahli (Jeddah), Al-Fateh",
Abdallah El-Said,Egypt,07/13/1985,MID,"Ismaily, Al Ahly, KuPS, Al-Ahli (Jeddah), Pyramids, Zamalek",
Ehab El Masry,Egypt,10/22/1985,FWD,Al Mokawloon; Al Masry; Smouha; Raja,
Ahmed Gaafar,Egypt,12/21/1985,FWD,"Ittihad El-Iskandary, Zamalek, ENPPI, Petrojet, Tala'ea El-Gaish",
Ayman Hefny,Egypt,12/31/1985,MID,"Misr Lel Makkasa, Tala'ea El Gaish, Al-Ahli (Tripoli), Zamalek, Pyramids",
Ahmed Shedid Qenaoui,Egypt,01/01/1986,DEF,"Al Ahly, Al-Masry, Tala'ea El-Gaish, Ittihad El-Iskandary, Aswan",
Marc Mboua,Côte d’Ivoire,02/26/1986,FWD,"Zamalek, El-Masry, Smouha, Ittihad El-Iskandary",
Shikabala (Mahmoud Abdel Razek),Egypt,03/05/1986,MID,"Zamalek, PAOK, Al-Wasl, Sporting CP, Ismaily, Al-Raed, Apollon Smyrnis",
Hossam Ashour,Egypt,03/09/1986,MID,"Al Ahly, Ittihad Alexandria",
Mostafa Shebeita,Egypt,05/10/1986,MID,"Al Ahly, Ittihad El-Iskandary, Wadi Degla, Misr Lel-Makkasa, Petrojet",
Ahmed Samir Farag,Egypt,05/20/1986,DEF,Sochaux B; Al Ahly; Ismaily; Lierse; Zamalek; Ismaily; El Dakhleya,
Ahmed Ali Kamel,Egypt,05/21/1986,FWD,"Gasco, Ismaily, Al-Hilal, Zamalek, Wadi Degla, Arab Contractors, Pyramids, Ittihad",
Ahmed Magdy,Egypt,05/24/1986,DEF,"Al Ahly, Panionios, Atromitos, Zamalek, El-Watan, Wadi Degla, El-Entag El-Harby",
Eric Bekoe,Ghana,12/10/1986,FWD,Liberty Professionals; Heart of Lions; Asante Kotoko; Petrojet; Berekum Chelsea; Kafr El Sheikh; AFC Leopards,
Mohamed Koffi,Burkina Faso,12/30/1986,DEF,Petrojet; Zamalek; Al Masry,
Sherif Ashraf,Egypt,01/01/1987,FWD,Al Ahly; Zamalek; El Gouna; Wadi Degla,
Amer Amer,Egypt,02/14/1987,GK,El Gouna; El Entag El Harby; Ceramica Cleopatra; Al Masry,
Ibrahim Salah,Egypt,04/01/1987,MID,"El-Mansoura, Zamalek, Al-Orobah, Smouha, Arab Contractors, El-Gouna",
Ahmed Adel Abdel Moneam,Egypt,04/10/1987,GK,Al Ahly; Misr Lel Makkasa; El Gouna,
Ahmed Hassan Mekky,Egypt,04/20/1987,FWD,Haras El Hodoud; Zamalek; Smouha; El Entag El Harby; Ittihad Alexandria,
Khalid Boutaïb,Morocco,04/24/1987,FWD,Bagnols-Pont; Uzès Pont du Gard; Luzenac; Gazélec Ajaccio; Strasbourg; Yeni Malatyaspor; Zamalek; Le Havre; Paris FC,
El Mahdi Soliman,Egypt,06/08/1987,GK,Petrojet; ENPPI; Smouha; Pyramids; Ittihad Alexandria,
Mahmoud Genesh,Egypt,07/10/1987,GK,Olympic; Zamalek; Future / Modern Sport,
Mohamed El-Gabas (Dodo),Egypt,07/21/1987,FWD,"Al-Masry, Lierse, Swindon Town, Arles-Avignon, Wadi Degla, Pyramids",
Ahmed Elmohamady,Egypt,09/09/1987,DEF,"Ghazl El Mahalla, ENPPI, Sunderland, Hull City, Aston Villa",
Ahmed Khairy,Egypt,10/01/1987,MID,Ismaily; Al Ahly; Al Masry; Al Mokawloon,
Sabri Rahil,Egypt,10/02/1987,DEF,Zamalek; Al Ahly; Ittihad Alexandria; El Gouna,
Serge Akakpo,Togo,10/15/1987,DEF,Auxerre; Žilina; Hoverla Uzhhorod; Trabzonspor; Al Masry; Arsenal Tula,
Ahmed Dwidar,Egypt,10/29/1987,DEF,Ittihad El Shorta; Zamalek; Smouha; Ismaily; El Entag El Harby,
Mahmoud Abou El-Saoud,Egypt,11/30/1987,GK,"El-Mansoura, Al Ahly, Arab Contractors",
Udo Fortune,Nigeria,02/02/1988,FWD,Akwa United; ENPPI; Ismaily; Al Mokawloon,
Khaled Kamar,Egypt,03/02/1988,FWD,"Gasco, Ittihad El-Iskandary, Zamalek, Smouha, Tala'ea El-Gaish, El-Gouna",
Basem Ali,Egypt,04/01/1988,DEF,"Arab Contractors, Al Ahly, El-Gouna, Misr Lel-Makkasa, Modern Future",
Momen Zakaria,Egypt,04/12/1988,MID,Al Ahly; El Entag El Harby; Al Masry; ENPPI; Zamalek; Al Ahli Jeddah,
Anthony Modeste,France,04/14/1988,FWD,Nice; Angers; Bordeaux; Blackburn Rovers; Bastia; Hoffenheim; Köln; Tianjin Quanjian; Saint-Étienne; Borussia Dortmund; Al Ahly; Intercity,
Ezechiel Ndouassel,Chad,04/22/1988,FWD,Tourbillon; Club Africain; Terek Grozny; Konyaspor; Zamalek; CS Sfaxien; Bhayangkara,
Ahmed El-Merghany,Egypt,05/24/1988,MID,Zamalek; Wadi Degla; Misr Lel Makkasa; El Gouna,
Tarek Hamed,Egypt,10/24/1988,MID,"El Mansoura, Smouha, Zamalek, Al-Ittihad, Damac",
Mohamed El-Shenawy,Egypt,12/18/1988,GK,"Al Ahly, Tala'ea El Gaish, Haras El Hodoud, Petrojet",
Sherif Hazem,Egypt,01/01/1989,DEF,ENPPI; Petrojet; Smouha; Al Ahly; Ismaily; Al Wehda,
Ali Gabr,Egypt,01/10/1989,DEF,"Ismaily, Ittihad Alexandria, Zamalek, West Bromwich Albion, Pyramids",
Oussou Konan,Côte d’Ivoire,01/23/1989,FWD,Africa Sports; Misr Lel Makkasa; Al Ahly; Hajer; Gaziantep BB,
Mohamed Abou Gabal (Gabaski),Egypt,01/29/1989,GK,"ENPPI, Zamalek, Smouha, National Bank of Egypt",
Marwan Mohsen,Egypt,02/26/1989,FWD,Petrojet; Gil Vicente; Ismaily; Al Ahly; Future / Modern Sport,
Saad Samir,Egypt,04/01/1989,DEF,"Al Ahly, El Mokawloon, Al-Masry, Future",
Ahmed Shoukry,Egypt,07/21/1989,MID,"Al Ahly, Telephonat Beni Suef, Smouha, Al-Masry, ENPPI, Pro Sesto",
Dominique Da Silva,Mauritanian,08/16/1989,FWD,"Académie de Sol Beni, CS Sfaxien, Al Ahly, Zamalek, Al-Uruba",
Mohamed Farouk,Egypt,09/14/1989,MID,"Arab Contractors, Al Ahly, Wadi Degla, El-Entag El-Harby, Pyramids, Modern Future",
Ali Lotfi,Egypt,10/14/1989,GK,ENPPI; Al Ahly; ZED,
Diego Calderón,Colombia,10/26/1989,FWD,Deportivo Cali; Once Caldas; Ismaily; Al Faisaly; Kuwait SC,
Ali Maâloul,Tunisia,01/01/1990,DEF,"CS Sfaxien, Al Ahly",
Shimelis Bekele,Ethiopia,01/02/1990,MID,Saint George; Petrojet; El Gouna; Misr Lel Makkasa,
Hisham Mohamed,Egypt,01/03/1990,MID,Al Ahly; Misr Lel Makkasa; Ismaily; Ittihad Alexandria,
Hossam Arafat,Egypt,01/18/1990,MID,"Zamalek, Ghazl El-Mahalla, Wadi Degla, ENPPI",
Salah Soliman,Egypt,01/20/1990,DEF,"Ghazl El-Mahalla, Zamalek, ENPPI, Misr Lel-Makkasa",
Amr El-Sulaya,Egypt,04/02/1990,MID,Ismaily; Al Shaab; Al Ahly,
Didier Kadio,Côte d’Ivoire,04/05/1990,MID,ASEC Mimosas; Zamalek; Smouha; Al Hilal Omdurman,
Stanley Ohawuchi,Nigeria,05/27/1990,FWD,"Bayelsa United, Heartland, Sliema Wanderers, Wadi Degla, Zamalek, Al-Qadsiah",
Omar El Said,Egypt,06/23/1990,FWD,El Gouna; Wadi Degla; El Entag El Harby; Zamalek; Future / Modern Sport,
Ahmed Noureldin Hamoudi,Egypt,07/30/1990,MID,"Smouha, Basel, Zamalek, Al-Batin, Al Ahly, Pyramids, Aswan",
Mathias Pogba,Guinea,08/19/1990,FWD,Wrexham; Crewe Alexandra; Pescara; Crawley Town; Sparta Rotterdam; Tours; Manchego; Zamalek,
Amir Sayoud,Algeria,09/30/1990,MID,"ES Sétif, Al Ahly, Al-Arabi, Beroe, USM Alger, CR Belouizdad, Al-Tai, Al-Raed",
Oumed Oukri,Ethiopia,12/05/1990,FWD,"Defence Force, Ittihad El-Iskandary, ENPPI, El-Entag El-Harby, Smouha",
Benjamin Acheampong,Ghana,12/15/1990,FWD,Wa All Stars; Asante Kotoko; Dakhleya; Zamalek; Petrojet,
Mohamed Bassam,Egypt,12/25/1990,GK,Tala’ea El Gaish; Ceramica Cleopatra,
Ahmed Hegazi,Egypt,01/25/1991,DEF,"Ismaily, Fiorentina, Perugia, Al Ahly, West Bromwich Albion, Al-Ittihad, NEOM",
Mahmoud Alaa,Egypt,01/28/1991,DEF,"Haras El Hodoud, Wadi Degla, Zamalek, Ittihad Alexandria",
Ayman Ashraf,Egypt,04/09/1991,DEF,Al Ahly; Telecom Egypt; Smouha; National Bank,
Ahmed El-Shenawy,Egypt,05/14/1991,GK,Al Masry; Zamalek; Pyramids,
Fakhreddine Ben Youssef,Tunisia,06/23/1991,FWD,CS Sfaxien; Metz; Esperance; Ismaily; Pyramids; Al Masry,
Jonathan Ngwem,Cameroon,07/20/1991,DEF,Unisport Bafang; Progresso Sambizanga; El Gouna; Future / Modern Sport,
Amr Gamal,Egypt,08/03/1991,FWD,Al Ahly; Bidvest Wits; HJK; Tala’ea El Gaish; Pharco; ASEC Mimosas,
Mohamed Abdel Latif Grendo,Egypt,08/09/1991,FWD,Al Masry; Bank Al Ahly; Haras El Hodoud,
Sam Morsy,Egypt,09/10/1991,MID,"Port Vale, Chesterfield, Wigan Athletic, Barnsley, Middlesbrough, Ipswich Town",
Hussein Sayed,Egypt,09/18/1991,DEF,Al Ahly; Misr Lel Makkasa; Al Ettifaq; Ismaily; Pyramids; Al Masry,
Ahmed Tawfik,Egypt,10/01/1991,MID,El Mansoura; Zamalek; Pyramids; Bank Al Ahly,
William Jebor,Liberian,11/10/1991,FWD,"LPRC Oilers, Tala'ea El-Gaish, Rio Ave, Wydad Casablanca, Al-Nassr",
Geraldo,Angola,11/23/1991,FWD,1º de Agosto; Coritiba; Atlético Goianiense; Al Ahly; MKE Ankaragücü,
Mohamed Hamdi Zaki,Egypt,12/13/1991,FWD,Ittihad Alexandria; Al Ahly; ENPPI; Smouha; Ismaily; Wadi Degla; Aswan,
Islam Mohareb,Egypt,01/01/1992,MID,El Gouna; Smouha; Al Ahly; Tala’ea El Gaish; Ceramica Cleopatra,
Basem Morsy,Egypt,01/01/1992,FWD,"Petrojet, El Entag El Harby, Zamalek, AEL Larissa, Smouha, Misr Lel Makkasa, Ismaily",
Mohamed Ounajem,Morocco,01/04/1992,FWD,Chabab Atlas Khénifra; Wydad Casablanca; Zamalek; Al-Suqoor; Ismailia Electricity,
Karim Tarek,Egypt,01/23/1992,FWD,Tala’ea El Gaish; El Gouna; Future / Modern Sport,
Omar Gaber,Egypt,01/30/1992,DEF,Zamalek; Basel; LAFC; Pyramids; Zamalek,
Ali Ghazal,Egypt,02/01/1992,DEF,"Wadi Degla, Nacional, Guizhou Zhicheng, Vancouver Whitecaps, Feirense, Larissa, Smouha, Misr Lel Makkasa",
Patrick Malo,Burkina Faso,02/18/1992,DEF,USFA; Smouha; Al Masry; ASEC Mimosas,
Mohamed Ibrahim,Egypt,03/01/1992,MID,"Zamalek, Marítimo, Misr Lel Makkasa, Ceramica Cleopatra, National Bank of Egypt",
Ferjani Sassi,Tunisia,03/18/1992,MID,"CS Sfaxien, Metz, Espérance de Tunis, Al-Nassr, Zamalek, Al-Duhail, Al-Gharafa",
Amr Marei,Egypt,04/01/1992,FWD,ENPPI; Etoile du Sahel; Pyramids; Al Masry; Misr Lel Makkasa,
Amr Tarek,Egypt,05/17/1992,DEF,El Gouna; Real Betis; Columbus Crew; Orlando City; New York Red Bulls; Al Masry,
Mabululu,Angola,06/01/1992,FWD,Petro de Luanda; Primeiro de Agosto; Ittihad Alexandria; Al Ahly,
Mohamed Salah,Egypt,06/15/1992,FWD,"Al Mokawloon Al Arab, Basel, Chelsea, Fiorentina, Roma, Liverpool",
Mahmoud Abdel Ati Donga,Egypt,06/28/1992,MID,Ismaily; Zamalek; Pyramids,
Mohamed Awad,Egypt,07/06/1992,GK,Ismaily; Al Masry; Al Wehda; Zamalek,
Mohamed Elneny,Egypt,07/11/1992,MID,"Al Mokawloon Al Arab, Basel, Arsenal, Beşiktaş, Al-Jazira",
Hamza Mathlouthi,Tunisia,07/25/1992,DEF,CS Sfaxien; Zamalek,
John Antwi,Ghana,08/06/1992,FWD,"Eleven Wise, Ismaily, Al-Shabab, Al Ahly, Misr Lel-Makkasa, Pyramids, El-Gaish",
Saïdou Simporé,Burkina Faso,08/31/1992,MID,"Rail Club du Kadiogo, El-Dakhleya, Al-Masry, Ittihad El-Iskandary, National Bank",
Nana Poku,Ghana,09/01/1992,FWD,Berekum Arsenal; Ashanti Gold; Ittihad El Shorta; Misr Lel Makkasa; Zamalek,
Ahmed El Sheikh,Egypt,09/11/1992,MID,Misr Lel Makkasa; Al Ahly; Al Masry; Pyramids; Pharco,
Hamdi Nagguez,Tunisia,10/28/1992,DEF,Etoile du Sahel; Zamalek; Sūduva; Esperance; Ismaily,
Malick Evouna,Gabonese,11/28/1992,FWD,"CF Mounana, Wydad Casablanca, Al Ahly, Tianjin Teda, Konyaspor, Aswan",
Emmanuel Okwi,Uganda,12/25/1992,FWD,SC Villa; Simba; Etoile du Sahel; Young Africans; Ittihad Alexandria,
Mahmoud Metwally,Egypt,01/04/1993,DEF,Ismaily; Al Ahly; Ittihad Alexandria,
Mohamed Chibi,Morocco,01/21/1993,DEF,KAC Kénitra; FAR Rabat; Ittihad Tanger; Pyramids,
Mohamed Abdel Ghani,Egypt,01/30/1993,DEF,FC Masr; Zamalek; National Bank of Egypt,
Mohamed Antar,Egypt,02/07/1993,FWD,Aswan; Zamalek; Al Masry; Ceramica Cleopatra; Tala’ea El Gaish,
Yasser Ibrahim,Egypt,02/10/1993,DEF,Mansoura; Smouha; Al Ahly,
Seifeddine Jaziri,Tunisia,02/12/1993,FWD,Club Africain; Tanta; Al Mokawloon; Zamalek,
Austin Amutu,Nigeria,02/20/1993,FWD,Warri Wolves; Kelantan; Yeni Malatyaspor; Al Masry; Ittihad Alexandria,
Ahmed Hassan Kouka,Egypt,03/05/1993,FWD,"Rio Ave, Braga, Olympiacos, Konyaspor, Alanyaspor, Pendikspor, Rio Ave",
Karim Bambo,Egypt,05/13/1993,FWD,Ismaily; Al Ahly; Zamalek; National Bank; Ceramica Cleopatra,
Ramy Rabia,Egypt,05/20/1993,DEF,"Al Ahly, Sporting CP",
Mohamed Ashraf Rouka,Egypt,06/07/1993,MID,Zamalek; Tala’ea El Gaish,
Lema Mabidi,DR Congo,06/11/1993,MID,AS Vita Club; CS Sfaxien; Raja Casablanca; Al Masry; Al Ahli Benghazi,
Ahmed Refaat,Egypt,06/20/1993,FWD,ENPPI; Zamalek; Ittihad Alexandria; Al Masry; Future / Modern Sport; Al Wahda,
Wilfried Kanon,Côte d’Ivoire,07/06/1993,DEF,Gloria Bistrița; Corona Brașov; ADO Den Haag; Pyramids,
Saleh Gomaa,Egypt,08/01/1993,MID,ENPPI; Nacional; Al Ahly; Al Faisaly; Ismaily; Ceramica Cleopatra,
Amr Warda,Egypt,09/17/1993,MID,"Al Ahly, Ittihad Alexandria, Panetolikos, PAOK, Atromitos, AEL, Volos, Anorthosis, Apollon Limassol, Raja Casablanca, Pharco, Panserraikos",
Omar Kamal Abdel Wahed,Egypt,09/29/1993,DEF,Al Masry; Zamalek; Future / Modern Sport; Al Ahly,
Badr Benoun,Morocco,09/30/1993,DEF,Raja Casablanca; Al Ahly; Qatar SC; Raja Casablanca,
Mohamed Hassan,Egypt,10/03/1993,MID,Al Ahly; Haras El Hodoud; Baladeyet El Mahalla; Wadi Degla; Zamalek; Ceramica Cleopatra; Ismaily; Al Masry; Al Mokawloon,
Ben Malango,Congolese,11/10/1993,FWD,"TP Mazembe, Raja Casablanca, Sharjah, Qatar SC",
Peter Ebimobowei,Nigeria,11/11/1993,FWD,Bayelsa United; Al Ahly; Al Masry; Mouloudia Oujda,
Joseph Ochaya,Uganda,12/14/1993,DEF,Kampala Capital City Authority; Asante Kotoko; TP Mazembe; El Mokawloon,
Mohamed Fathi,Egypt,02/12/1994,MID,Ismaily; Pyramids; National Bank; Al Masry,
Abdoulaye Touré,Guinea,03/03/1994,MID,Nantes; Genoa; Fatih Karagümrük; Pyramids; Le Havre,
Anthony Okpotu,Nigeria,03/05/1994,FWD,Lobi Stars; Al Ittihad Tripoli; Al Masry; US Monastir; Qatar SC,
Ahmed Ayman Mansour,Egypt,04/13/1994,DEF,El Dakhleya; Al Masry; Pyramids; Tala’ea El Gaish,
Kahraba (Mahmoud Abdel-Moneim),Egypt,04/13/1994,FWD,"ENPPI, Luzern, Grasshopper, Zamalek, Al-Ittihad, Desportivo das Aves, Al Ahly, Hatayspor",
Moustafa Fathi,Egypt,05/12/1994,MID,"Nabarouh, Zamalek, Al-Taawoun, Smouha, Pyramids",
Percy Tau,South African,05/13/1994,FWD,"Mamelodi Sundowns, Witbank Spurs, Brighton & Hove Albion, Union SG, Club Brugge, Anderlecht, Al Ahly",
Mahmoud Wahid,Egypt,06/19/1994,DEF,Misr Lel Makkasa; Al Ahly; Tala’ea El Gaish,
Hussein El Shahat,Egypt,06/21/1994,MID,"Eastern Company, Misr Lel Makkasa, Al Ain, Al Ahly",
Fiston Mayele,DR Congo,06/24/1994,FWD,AS Vita Club; Young Africans; Pyramids,
Kabongo Kasongo,Congolese,07/18/1994,FWD,"Kaloum Star, Ittihad El-Iskandary, Zamalek, Al-Wahda, Wydad, Sakaryaspor",
Walid El Karti,Morocco,07/23/1994,MID,Wydad Casablanca; Pyramids,
Bruno Sávio,Brazil,08/01/1994,FWD,Guarani; Louletano; Desportivo Brasil; América Mineiro; Bolívar; Al Ahly,
Blati Touré,Burkina Faso,08/04/1994,MID,Evian; Omonia; Vitória Guimarães; Pyramids,
Ahmed Samir Mohamed,Egypt,08/25/1994,MID,El Dakhleya; Zamalek; Ismaily; Al Masry; Wadi Degla; Ittihad Alexandria; Tala’ea El Gaish,
Mostafa Shalaby,Egypt,09/01/1994,FWD,ENPPI; Zamalek,
Achraf Bencharki,Morocca,09/24/1994,FWD,"MAS Fez, Wydad Casablanca, Al-Hilal, Lens, Zamalek, Al-Jazira, Al-Rayyan",
Hamdi Fathi,Egypt,09/29/1994,MID,"Ala'ab Damanhour, ENPPI, Petrojet, Al Ahly, Al-Wakrah",
Trézéguet (Mahmoud Hassan),Egypt,10/01/1994,MID,"Al Ahly, Anderlecht, Mouscron, Kasımpaşa, Aston Villa, İstanbul Başakşehir, Trabzonspor, Al-Rayyan",
Abdallah Bakri,Egypt,10/28/1994,DEF,Al Masry; Pyramids; Pharco; ZED,
Ahmed Madbouli,Egypt,11/20/1994,MID,El Raja; Zamalek; Ismaily; National Bank,
Hamid Ahaddad,Morocco,11/30/1994,FWD,Difaâ El Jadidi; Zamalek; Raja Casablanca; Wydad Casablanca,
Mahmoud Wadi,Palestine,12/19/1994,FWD,Al Ahli Gaza; Al Masry; Pyramids; Tala’ea El Gaish,
Souleymane Coulibaly,Côte d’Ivoire,12/26/1994,FWD,"Siena, Tottenham Hotspur, Bari, Peterborough, Kilmarnock, Al Ahly, Étoile du Sahel",
Yahya Attiat Allah,Morocco,03/02/1995,DEF,Olympique Safi; Volos; Wydad Casablanca; Sochi; Al Ahly,
Mohamed Hamdy,Egypt,03/15/1995,DEF,Al Ahly; Al Masry; Pyramids,
Walter Bwalya,Congolese,05/05/1995,FWD,"Lubumbashi Sport, Nkana, El-Gouna, Al Ahly, Yeni Malatyaspor, Al-Sailiya",
Mido Gaber,Egypt,05/09/1995,MID,Misr Lel Makkasa; Al Ahly; Ceramica Cleopatra; Al Masry,
Youssef Obama,Egypt,05/26/1995,MID,Zamalek; Ittihad Alexandria; Wadi Degla; Al Hazem; Pyramids,
Mahmoud Shabana,Egypt,05/29/1995,DEF,Aswan; Zamalek; Smouha; Future / Modern Sport,
Kingsley Sokari,Nigeria,05/30/1995,MID,Enyimba; CS Sfaxien; Club Africain; Pharco,
Walid Azaro,Morocco,06/11/1995,FWD,Difaâ El Jadidi; Al Ahly; Al Ettifaq; Ajman,
Luís Miquissone,Mozambique,07/25/1995,FWD,UD Songo; Mamelodi Sundowns; Chippa United; Royal Eagles; Simba; Al Ahly; Abha,
Mohamed El Shamy,Egypt,01/01/1996,FWD,Al Masry; Zamalek; Ismaily; Pyramids,
Marwan Sahraoui,Tunisia,01/09/1996,DEF,CS Sfaxien; Ismaily; Pyramids,
Abdallah Gomaa,Egypt,01/10/1996,DEF,"ENPPI, Union Berlin, Al-Masry, Zamalek",
Ahmed Sayed (Zizo),Egypt,01/10/1996,MID,"Lierse, Nacional, Moreirense, Zamalek",
Junior Ajayi,Nigeria,01/29/1996,FWD,"Shooting Stars, CS Sfaxien, Al Ahly, Al-Nasr Benghazi, Smouha",
Mohamed Sherif,Egypt,01/30/1996,FWD,"Wadi Degla, Al Ahly, ENPPI, Al-Khaleej",
Islam Issa,Egypt,02/01/1996,FWD,Al Nasr; Al Masry; Pyramids; Ceramica Cleopatra,
Mohamed Magdy (Afsha),Egypt,03/06/1996,MID,"ENPPI, El Raja, Pyramids, Al Ahly",
Karim Hafez,Egypt,03/12/1996,DEF,Lierse; Omonia; Lens; Kasimpasa; Yeni Malatyaspor; Pyramids,
Nabil Emad Dunga,Egypt,04/06/1996,MID,Beni Ebeid; Pyramids; Zamalek,
Islam Gaber,Egypt,05/01/1996,MID,Misr Lel Makkasa; Zamalek; National Bank; Smouha,
Eric Traoré,Burkina Faso,05/21/1996,MID,"USO, Aswan, Misr Lel-Makkasa, Pyramids, ENPPI, Ismaily",
Gelson Dala,Angola,07/13/1996,FWD,"Primeiro de Agosto, Sporting CP, Rio Ave, Antalyaspor, Al-Wakrah",
Victorien Adebayor,Nigeria,11/12/1996,FWD,AS GNN; Inter Allies; Legon Cities; ENPPI; Ittihad Alexandria,
Marwan Hamdy,Egypt,11/15/1996,FWD,Misr Lel Makkasa; Wadi Degla; Zamalek; Smouha; Al Masry; Pyramids,
Jean Morel Poé,Côte d’Ivoire,12/15/1996,MID,ASEC Mimosas; Ismaily; ENPPI,
Ramadan Sobhi,Egypt,01/23/1997,FWD,"Al Ahly, Stoke City, Huddersfield Town, Pyramids",
Nasser Maher,Egypt,02/08/1997,MID,Petrojet; Smouha; Al Ahly; Future / Modern Sport; Zamalek,
Taher Mohamed,Egypt,03/07/1997,FWD,Al Mokawloon; Le Havre II; Al Ahly,
Mohamed Sadek,Egypt,07/06/1997,MID,Ismaily; Pyramids; Future / Modern Sport,
Ahmed Yassin,Egypt,08/07/1997,DEF,Misr Lel Makkasa; National Bank of Egypt; Al Masry,
Karim Nedved,Egypt,08/08/1997,MID,Al Ahly; Haras El Hodoud; Future / Modern Sport; Ceramica Cleopatra,
Abdel Rahman Magdy,Egypt,09/12/1997,MID,Ismaily; Pyramids,
Osama Galal,Egypt,09/17/1997,DEF,ENPPI; Petrojet; Misr Lel Makkasa; Pyramids,
Aliou Badji,Senegal,10/10/1997,FWD,Casa Sports; Djurgården; Rapid Wien; Al Ahly; Ankaragücü; Amiens; Bordeaux; Gaziantep; Red Star; Sivasspor,
Aliou Dieng,Mali,10/16/1997,MID,Djoliba; MC Alger; Al Ahly; Al Kholood,
Akram Tawfik,Egypt,11/08/1997,MID,"ENPPI, Al Ahly, El Gouna",
Mostafa Mohamed,Egypt,11/28/1997,FWD,"Zamalek, El Dakhleya, Tanta, Tala'ea El Gaish, Galatasaray, Nantes",
Karim El Eraki,Egypt,11/29/1997,DEF,Al Masry; Zamalek,
Yaw Annor,Ghana,12/03/1997,FWD,Bechem United; Fuenlabrada; Ashanti Gold; Ismaily; National Bank of Egypt,
Hicham Boussefiane,Morocco,01/09/1998,FWD,Málaga; Wydad Casablanca; Zamalek,
Ahmed Yasser Rayan,Egypt,01/24/1998,FWD,Al Ahly; El Gouna; Ceramica Cleopatra; Altay; National Bank,
Ahmed Hamdy,Egypt,02/10/1998,MID,Al Ahly; El Gouna; CF Montréal; Zamalek,
Emam Ashour,Egypt,02/20/1998,MID,"Ghazl El Mahalla, Haras El Hodoud, Zamalek, Midtjylland, Al Ahly",
Mohamed Mahmoud,Egypt,05/07/1998,MID,Wadi Degla; Al Ahly; Ittihad Alexandria; Future / Modern Sport,
Ibrahima Ndiaye,Senegal,07/06/1998,FWD,Wadi Degla; Luzern; Zamalek,
Marwan Attia,Egypt,08/01/1998,MID,"Ittihad Alexandria, Al Ahly",
Salah Mohsen,Egypt,09/01/1998,FWD,ENPPI; Al Ahly; Smouha; Ceramica Cleopatra; Al Masry,
Mahmoud Gad,Egypt,10/17/1998,GK,ENPPI; Al Masry,
Razak Cisse,Côte d’Ivoire,12/30/1998,FWD,"Mouna FC, Ittihad El-Iskandary, Zamalek, National Bank",
Wessam Abou Ali,Palestine,01/04/1999,FWD,Aalborg; Vendsyssel; Silkeborg; Sirius; Al Ahly; Columbus Crew,
Mohamed Abdelmonem,Egypt,02/01/1999,DEF,"Al Ahly, Smouha, Future, Nice",
Omar Marmoush,Egypt,02/07/1999,FWD,"Wadi Degla, Wolfsburg, St. Pauli, Stuttgart, Eintracht Frankfurt, Manchester City",
Mostafa El Zenary,Egypt,02/08/1999,DEF,Tala’ea El Gaish; Zamalek; Bank Al Ahly,
Hussein Faisal,Egypt,03/04/1999,MID,Zamalek; Smouha; Al Masry,
Achraf Dari,Morocco,05/06/1999,DEF,Wydad Casablanca; Brest; Charleroi; Al Ahly,
Ahmed Abdel Kader,Egypt,05/23/1999,FWD,Al Ahly; Smouha; Qatar SC,
Ahmed Kendouci,Algeria,06/22/1999,MID,ES Sétif; Al Ahly; Ceramica Cleopatra,
Mohamed Ismail,Egypt,08/01/1999,DEF,ENPPI; Aswan; ZED; Zamalek,
Karim Fouad,Egypt,10/01/1999,DEF,Nogoom; ENPPI; Al Ahly,
Reda Slim,Morocco,10/25/1999,FWD,FAR Rabat; Al Ahly; Al Wakrah,
Mahmoud Bentayg,Morocco,10/30/1999,DEF,Raja Beni Mellal; Saint-Étienne; Zamalek,
Samson Akinyoola,Benin,03/03/2000,FWD,SFK Riga; Senica; Caracas; Zamalek,
Mohamed Reda Bobó,Egypt,11/10/2000,MID,Wadi Degla; Future / Modern Sport; Pyramids,
Sodiq Awujoola,Nigeria,11/10/2000,FWD,Smouha; Ceramica Cleopatra; Pyramids,
Ahmed Eid,Egypt,01/01/2001,DEF,Zamalek; ENPPI; Al Masry,
Ziad Kamal,Egypt,01/16/2001,MID,ENPPI; Zamalek; Al Masry,
Mohamed Shehata,Egypt,02/08/2001,MID,Tala’ea El Gaish; Zamalek,
Ibrahim Adel,Egypt,04/23/2001,FWD,Pyramids; Al Jazira; Nordsjælland,
Mostafa Saad Messi,Egypt,08/22/2001,FWD,Ceramica Cleopatra; Al Ahly; Smouha; ZED,
Frank Etouga,Cameroon,08/30/2001,FWD,Nkufo Academy; AS Fortuna; Asante Kotoko; Al Masry,
Omar El Saaiy,Egypt,01/01/2003,MID,Ismaily; Al Ahly,
Mohamed Dhaoui Cristo,Tunisia,05/14/2003,FWD,Étoile du Sahel; Al Ahly; CS Sfaxien,
Moaz El Henawy,Egypt,01/29/1990,DEF,Ghazl El Mahalla; Aswan; Ceramica Cleopatra; National Bank,
Abdelkabir El Ouadi,Morocco,02/20/1993,FWD,Wadi Degla; Smouha; Modern Sport,
Ouka,Egypt,03/13/1984,DEF,Haras El Hodoud; Smouha; Lierse; Wadi Degla,
Ali Fawzi,Egypt,03/17/1992,DEF,ENPPI; Al Masry; Modern Sport,
Mahmoud Marei,Egypt,04/24/1998,DEF,Wadi Degla; Modern Sport; Pyramids,
Mohanad Lasheen,Egypt,05/29/1996,MID,El Dakhleya; Tala'ea El Gaish; Pyramids,
Fagrie Lakay,South Africa,05/31/1997,FWD,Pyramids; Ceramica Cleopatra,
Ahmed Abou Moslem,Egypt,06/25/1981,DEF,Al Ahly; Ismaily; Smouha; Wadi Degla,
Ahmed Hamoudi,Egypt,07/30/1990,MID,Smouha; Zamalek; Al Ahly; Pyramids,
Ibrahim Yehia,Egypt,10/17/1987,DEF,Ismaily; Al Masry,
Abdoulaye Cissé,Burkina Faso,TBD,FWD,Zamalek; Al Ittihad Alexandria; Al Masry,
Vincent Dié Foneye,Côte d’Ivoire,TBD,FWD,ENPPI; Al Ittihad Alexandria,
Mahmoud Hamada,Egypt,TBD,MID,El Entag El Harby; Pyramids; Pharco; Al Masry,
Shady Hussein,Egypt,TBD,FWD,El Gouna; Ceramica Cleopatra; Al Ahly; ZED,
Bahaa Magdy,Egypt,TBD,DEF,Ismaily; Zamalek; Al Masry; Ceramica Cleopatra,
Islam Gamal,Egypt,TBD,DEF,Zamalek; Ismaily; Al Masry; Tala’ea El Gaish,
Mahmoud Rizk,Egypt,TBD,DEF,El Entag El Harby; Ittihad Alexandria; Future / Modern Sport; Al Masry,
Osama Ibrahim,Egypt,TBD,DEF,Zamalek; Smouha; Ismaily; National Bank,
Mohamed Samir,Egypt,TBD,DEF,Al Ahly; El Dakhleya; Al Mokawloon; Zamalek,
Mostafa Gaafar,Egypt,TBD,FWD,Zamalek; ENPPI; Petrojet; El Gouna,
Amr El-Safty,Egypt,TBD,DEF,Al Masry; Zamalek; El Gouna; Ghazl El Mahalla,
Wael Qabani,Egypt,TBD,DEF,Zamalek; Al Masry; El Entag El Harby,
Ahmed Salama,Egypt,TBD,FWD,Haras El Hodoud; Zamalek; El Gouna,
Mohamed Gouda,Egypt,TBD,MID,Al Ahly; ENPPI; El Gouna,
Mohamed Sayed Abdel Azim,Egypt,TBD,MID,Al Ahly; Tala’ea El Gaish; Petrojet,
Sayed Salem,Egypt,TBD,DEF,Wadi Degla; Zamalek; Ittihad Alexandria,
Mohamed Nasif,Egypt,TBD,DEF,ENPPI; Zamalek; Tala’ea El Gaish; Wadi Degla,
Mohamed Adel Gomaa,Egypt,TBD,DEF,Al Masry; Zamalek; Ismaily; Petrojet,
Ahmed Dawooda,Egypt,TBD,MID,El Dakhleya; Zamalek; Al Masry; Tala’ea El Gaish,
Ahmed Temsah,Egypt,TBD,FWD,El Dakhleya; Zamalek; Smouha; Ittihad Alexandria,
Ahmed Kaboria,Egypt,TBD,MID,Al Masry; Zamalek; Tala’ea El Gaish; Ceramica Cleopatra,
Ahmed Samy,Egypt,TBD,DEF,Al Ahly; Haras El Hodoud; Misr Lel Makkasa; Pyramids,
Ahmed Ayman,Egypt,TBD,DEF,Al Masry; Pyramids; Tala’ea El Gaish,
Ragab Nabil,Egypt,TBD,DEF,Wadi Degla; Smouha; Ceramica Cleopatra,
Osama Azab,Egypt,TBD,DEF,ENPPI; El Entag El Harby; Al Ittihad Alexandria; El Gouna,
Farid Shawky,Egypt,TBD,MID,El Dakhleya; Al Masry; ENPPI,
Ahmed El Agouz,Egypt,TBD,MID,Ismaily; Misr Lel Makkasa; El Gouna; Al Masry,
Khaled Sotohi,Egypt,TBD,DEF,El Entag El Harby; Tala'ea El Gaish; Ceramica Cleopatra,
Shokry Naguib,Egypt,TBD,FWD,Ismaily; Al Mokawloon; Pharco; Smouha,
Ramy Sabry,Egypt,TBD,DEF,ENPPI; Pharco,
Mohamed Bassiouny,Egypt,TBD,DEF,El Mansoura; ENPPI; El Dakhleya; Haras El Hodoud,
Mody,Egypt,TBD,DEF,Misr Lel Makkasa; Al Masry; El Gouna; Ceramica Cleopatra,
Ali Elfil,Egypt,TBD,DEF,Tala'ea El Gaish; El Entag El Harby; Modern Sport,
Salah Ashour,Egypt,TBD,MID,ENPPI; Ittihad El Shorta; Zamalek; Al Masry,
Moatasem Salem,Egypt,TBD,DEF,Ismaily; Smouha; Petrojet; Al Masry,
Mohamed Helal,Egypt,TBD,MID,Wadi Degla; National Bank; Modern Sport,
Emad Hamdi,Egypt,TBD,MID,Ismaily; Al Masry; Ceramica Cleopatra,
Asem Salah,Egypt,TBD,DEF,El Dakhleya; Tala'ea El Gaish; National Bank,
Ahmed Manga,Egypt,TBD,MID,Al Ahly; Smouha; Al Masry; El Entag El Harby,
Amr Moussa,Egypt,TBD,DEF,Wadi Degla; El Entag El Harby; Al Masry,
Mohamed Salem,Egypt,TBD,FWD,Al Mokawloon; Zamalek; El Dakhleya; Al Ittihad Alexandria,
Ahmed El Sayed,Egypt,TBD,DEF,Al Ahly; Misr Lel Makkasa; El Gouna; Petrojet,
Mostafa Gamal,Egypt,TBD,MID,Tala'ea El Gaish; Haras El Hodoud; Smouha,
Sayed Farid,Egypt,TBD,DEF,Smouha; Wadi Degla; Al Mokawloon; National Bank,
Ahmed Safi,Egypt,TBD,DEF,Al Ittihad Alexandria; Wadi Degla; El Gouna; National Bank,
Hassan El Shami,Egypt,TBD,DEF,Al Mokawloon; Tala'ea El Gaish; Ismaily,
Mahmoud Sayed,Egypt,TBD,MID,Al Ittihad Alexandria; ENPPI; Ismaily,
Mohamed Dabash,Egypt,TBD,DEF,Wadi Degla; Al Masry; Ceramica Cleopatra; National Bank,
Osama Mohamed,Egypt,TBD,DEF,Petrojet; Zamalek,
Karim Mostafa,Egypt,TBD,MID,Ismaily; El Dakhleya; Al Ittihad Alexandria; Al Masry,
Omar El Wahsh,Egypt,TBD,MID,Ismaily; Al Ittihad Alexandria; Modern Sport,
Mohamed Tony,Egypt,TBD,MID,Misr Lel Makkasa; ENPPI; Al Masry,
Karim El Deeb,Egypt,TBD,DEF,Al Ittihad Alexandria; Pharco; Smouha,
Ibrahim Abdel-Khalik,Egypt,TBD,MID,Smouha; Zamalek; Wadi Degla; Al Ittihad Alexandria,
Amir Abed,Egypt,TBD,DEF,Al Mokawloon; El Entag El Harby; Al Masry; Ghazl El Mahalla,
Essam Sobhy,Egypt,TBD,DEF,Misr Lel Makkasa; Ismaily; Al Ittihad Alexandria; El Gouna,
Islam Abdelnaim,Egypt,TBD,MID,El Dakhleya; Ismaily; Al Ittihad Alexandria; El Gouna,
Ibrahim El Shayeb,Egypt,TBD,MID,El Gouna; Al Ittihad Alexandria; Al Masry; El Entag El Harby,
Amr Fahim,Egypt,TBD,DEF,Ismaily; ENPPI; Al Mokawloon; Al Masry,
Hossam Abdel-Aal,Egypt,TBD,MID,Wadi Degla; Al Mokawloon; El Dakhleya; Al Ittihad Alexandria,
Ramy Adel,Egypt,TBD,DEF,Al Ahly; El Gouna; Smouha; Al Mokawloon,
Ahmed Ali,Egypt,TBD,FWD,Ismaily; Al Hilal Benghazi; Zamalek; El Entag El Harby; Al Mokawloon,
Mahmoud Kaoud,Egypt,TBD,FWD,ENPPI; Al Ittihad Alexandria; National Bank,
Nasser Mansy,Egypt,TBD,FWD,El Dakhleya; Pyramids; Tala'ea El Gaish; National Bank; Zamalek,
Arafa El Sayed,Egypt,TBD,FWD,El Gouna; Tala'ea El Gaish; Wadi Degla; ENPPI,
Ahmed Abdelghani,Egypt,TBD,FWD,Haras El Hodoud; Al Masry,
Mohamed Mohsen,Egypt,TBD,FWD,El Gouna; Al Ittihad Alexandria; Ghazl El Mahalla,
Mohamed Ragab,Egypt,TBD,FWD,El Entag El Harby; Al Ittihad Alexandria; Smouha,
Osama Faisal,Egypt,TBD,FWD,Zamalek; National Bank,
Ahmed Atef,Egypt,TBD,FWD,Wadi Degla; Modern Sport; ZED,
Fady Farid,Egypt,TBD,FWD,Aswan; National Bank; Smouha; Al Mokawloon,
Mostafa Ziko,Egypt,TBD,FWD,Haras El Hodoud; ZED,
Hany El Egeizy,Egypt,TBD,FWD,Al Ahly; Al Ittihad Alexandria; Smouha; Wadi Degla,
Wael Faraag,Egypt,TBD,FWD,Petrojet; Misr Lel Makkasa; Al Ittihad Alexandria; El Entag El Harby,
Ahmed Sherwyda,Egypt,TBD,FWD,Al Masry; ENPPI; Haras El Hodoud; Ghazl El Mahalla,
Hamada Yehia,Egypt,TBD,FWD,Al Ittihad Alexandria; El Entag El Harby; Tala'ea El Gaish,
Effat Sayed Nassar,Egypt,TBD,FWD,Zamalek; Al Masry,
Ahmed Gomaa,Egypt,TBD,FWD,Al Masry; El Entag El Harby,
Abdelhamid Bassiouni,Egypt,TBD,FWD,Zamalek; Haras El Hodoud; Ismaily,
Mohamed Shaaban,Egypt,TBD,MID,ENPPI; Zamalek; Petrojet,
Mostafa Afroto,Egypt,TBD,MID,Al Ahly; Misr Lel Makkasa; Damanhour; Al Ittihad Alexandria,
Mohamed Zika,Egypt,TBD,MID,Al Mokawloon; Ismaily; Al Ittihad Alexandria,
Mohamed Rizk,Egypt,TBD,MID,Al Ahly; Tala'ea El Gaish; Smouha; Al Ittihad Alexandria,
Ahmed Adel,Egypt,TBD,DEF,Al Mokawloon; El Gouna; Ismaily,
Omar Bassam,Egypt,TBD,FWD,ENPPI; Al Ittihad Alexandria; Aswan,
Mohamed Gaber,Egypt,TBD,MID,Al Masry; Tala'ea El Gaish; Ceramica Cleopatra,
Ahmed Magdy,Egypt,TBD,MID,Ghazl El Mahalla; Wadi Degla; Al Ittihad Alexandria,
Ahmed El Alfie,Egypt,TBD,MID,Al Mokawloon; Al Ittihad Alexandria; El Entag El Harby,
Mohamed Ashraf,Egypt,TBD,DEF,Tala'ea El Gaish; ENPPI; Al Ittihad Alexandria,
Mohamed Adel,Egypt,TBD,MID,Al Mokawloon; El Dakhleya; Ismaily,
Islam Soliman,Egypt,TBD,DEF,Haras El Hodoud; Al Masry; El Entag El Harby,
Mohamed Zatara,Egypt,TBD,FWD,Petrojet; Al Ittihad Alexandria; Al Masry,
Amr El Menoufy,Egypt,TBD,MID,Al Ittihad Alexandria; El Gouna; Smouha,
Karim Walid “Nedved”,Egypt,TBD,MID,Al Ahly; Haras El Hodoud; Modern Sport,
Mohamed Abdel Aaty,Egypt,TBD,MID,Wadi Degla; Ismaily; Al Masry,
Ahmed Gomaa “Ismaily”,Egypt,TBD,FWD,Ismaily; Al Masry,
Mohamed Magdy,Egypt,TBD,DEF,Al Masry; Ismaily; Ceramica Cleopatra,
Abdallah Yaisien,Egypt,TBD,MID,Al Mokawloon; Ismaily; Al Masry,
Mohamed Essam,Egypt,TBD,FWD,Al Mokawloon; El Entag El Harby; Ceramica Cleopatra,
Mohamed Abdel-Salam,Egypt,TBD,DEF,Zamalek; Al Ittihad Alexandria; Modern Sport,
Salah Rico,Egypt,TBD,MID,Ittihad El Shorta; Zamalek; Misr Lel Makkasa; Al Masry,
Issahaku Yakubu,Ghana,TBD,DEF,Wadi Degla; Al Ittihad Alexandria,
Francis Afriyie,Ghana,TBD,FWD,Ismaily; Ghazl El Mahalla,
Jorginho James,Ghana,TBD,FWD,Ismaily; Al Ittihad Alexandria,
Sekou Camara,Guinea,TBD,FWD,Al Ittihad Alexandria; Pharco,
John Ebuka Okoye,Nigeria,TBD,FWD,ENPPI; Ceramica Cleopatra; Al Masry,
Maarouf Yussuf,Nigeria,TBD,MID,Ittihad El Shorta; Zamalek; Al Mokawloon; National Bank,
Emeka Eze,Nigeria,TBD,MID,El Entag El Harby; Al Masry; Ceramica Cleopatra,
Elvis Chikatara,Nigeria,TBD,FWD,El Gouna; Al Masry,
Rafik Kabou,Tunisia,TBD,FWD,Wadi Degla; ENPPI; Future / Modern Sport,
Mostafa Shobeir,Egypt,TBD,GK,Al Ahly,
Mohamed Hany,Egypt,TBD,DEF,Al Ahly,
Khaled Abdel Fattah,Egypt,TBD,DEF,Smouha; Al Ahly,
Ahmed Ramadan Beckham,Egypt,TBD,DEF,Wadi Degla; Smouha; Ceramica Cleopatra; Al Ahly,
Karim El Debes,Egypt,TBD,DEF,Wadi Degla; Al Ahly; Ceramica Cleopatra,
Ahmed Nabil Kouka,Egypt,TBD,MID,Al Ahly,
Mohamed Fakhry,Egypt,TBD,MID,Al Ahly; Pharco,
Amar Hamdy,Egypt,TBD,MID,Al Ahly; Al Ittihad Alexandria; Tala'ea El Gaish; Ceramica Cleopatra,
Hamza Alaa,Egypt,TBD,GK,Al Ahly; Portimonense,
Mohamed Maghraby,Egypt,TBD,DEF,Al Ahly; Smouha; Al Ittihad Alexandria; Ceramica Cleopatra,
Yassin Marei,Egypt,TBD,DEF,Pharco; Al Ahly,
Hady Reyad,Egypt,TBD,DEF,Petrojet; Al Ahly,
Amr El Gazar,Egypt,TBD,DEF,Bank El Ahly; Al Ahly,
Youssef Belammari,Morocco,TBD,DEF,Raja Casablanca; Al Ahly,
Mohamed Shokry,Egypt,TBD,DEF,Al Ahly; Smouha; Ceramica Cleopatra,
Mohamed Seha,Egypt,TBD,GK,Al Mokawloon; Al Ahly,
Salif Coulibaly,Mali,TBD,DEF,TP Mazembe; Al Ahly,
Gaston Sirino,Uruguay,TBD,MID,Bolivar; Mamelodi Sundowns; Al Ahly,
Mohamed Ali Ben Romdhane,Tunisia,TBD,MID,Esperance; Ferencvaros; Al Ahly,
Nejc Gradisar,Slovenia,TBD,FWD,Rogaska; Fehervar; Al Ahly,
Mahmoud Hamdy El Wensh,Egypt,TBD,DEF,Tala'ea El Gaish; Zamalek,
Hossam Abdelmaguid,Egypt,TBD,DEF,Zamalek,
Ahmed Fatouh,Egypt,TBD,DEF,Zamalek; Smouha,
Seif Farouk Gaafar,Egypt,TBD,MID,Zamalek; Pyramids,
Youssef Osama Nabih,Egypt,TBD,FWD,Zamalek; Pyramids,
Hatem Soker,Egypt,TBD,DEF,Zamalek,
Omar Faraj,Palestine,TBD,FWD,AIK; Zamalek; Degerfors,
Oday Dabbagh,Palestine,TBD,FWD,Al Qadsia; Arouca; Charleroi; Zamalek,
Juan Bezerra,Brazil,TBD,FWD,Al Ahli Benghazi; Zamalek,
Mahmoud Gehad,Egypt,TBD,MID,Pharco; Zamalek,
Mohamed Atef,Egypt,TBD,MID,Tanta; Zamalek,
Maged Hani,Egypt,TBD,MID,Zamalek; Baladiyet El Mahalla,
Ahmed Hossam,Egypt,TBD,DEF,El Gouna; Zamalek,
Baron Ochieng,Kenya,TBD,DEF,Sofapaka; Zamalek,
Ahmed Rabie,Egypt,TBD,MID,Bank El Ahly; Zamalek,
El Sayed Osama,Egypt,TBD,DEF,Zamalek,
Ahmed Khodary,Egypt,TBD,MID,Zamalek,
Youssef Wael,Egypt,TBD,MID,Zamalek,
Adam Kaied,Palestine,TBD,MID,NAC Breda; Zamalek,
Mohamed Hamad,Egypt,TBD,MID,Zamalek,
Chico Banza,Angola,TBD,FWD,Anorthosis; Zamalek,
Ahmed Sherif,Egypt,TBD,FWD,Pharco; Zamalek,
Ahmed Jafeli,Tunisia,TBD,FWD,US Monastir; Zamalek,
Ahmed Esho,Egypt,TBD,FWD,Zamalek,
Hazem Osama,Egypt,TBD,FWD,Zamalek,
Amr Nasser,Egypt,TBD,FWD,Pharco; Zamalek,
Mahmoud Saber,Egypt,TBD,MID,Al Ahly; Pyramids; ZED,
Ibrahim Touré,Côte d’Ivoire,TBD,MID,Pyramids,
Otta,Egypt,TBD,MID,Al Mokawloon; Pyramids,
Hamed Hamdan,Palestine,TBD,MID,Petrojet; Pyramids,
Ewerton,Brazil,TBD,FWD,Pyramids,
Odeh Fakhoury,Jordan,TBD,FWD,Al Wehdat; Pyramids,
Zalaka,Egypt,TBD,FWD,Ceramica Cleopatra; Pyramids,
Pascal Phiri,Malawi,TBD,FWD,Pyramids,
Keno,Brazil,TBD,FWD,Santa Cruz; Palmeiras; Pyramids; Atletico Mineiro; Fluminense,
Omar Khribin,Syria,TBD,FWD,Al Hilal; Pyramids; Al Wahda,
Cristian Benavente,Peru,TBD,MID,Real Madrid Castilla; Charleroi; Pyramids; Nantes,
Diego Rolán,Uruguay,TBD,FWD,Bordeaux; Malaga; Deportivo La Coruna; Pyramids,
Ribamar,Brazil,TBD,FWD,Botafogo; Vasco da Gama; Pyramids,
Rodriguinho,Brazil,TBD,MID,Corinthians; Pyramids; Bahia,
Abdalla Magdy,Egypt,TBD,DEF,Pyramids; Ceramica Cleopatra,
Ziad Haytham,Egypt,TBD,GK,Pyramids,
Youssef Nader,Egypt,TBD,GK,Pyramids; Al Ittihad Alexandria,
Mahmoud El Gazzar,Egypt,TBD,DEF,Al Ahly; El Gouna; Pyramids,
Baher El Mohamady,Egypt,TBD,DEF,Ismaily; Al Masry,
Mohamed Fawzi,Egypt,TBD,GK,Ismaily; Bank El Ahly,
Mohamed Hashim,Egypt,TBD,DEF,Ismaily; Al Masry,
Nader Ramadan,Egypt,TBD,MID,Ismaily; Al Masry,
Mohamed Bayoumi,Egypt,TBD,DEF,Ismaily,
Mohamed Makhlouf,Egypt,TBD,MID,Ismaily,
Abdelkader Ammar,Egypt,TBD,DEF,Ismaily,
Benson Shilongo,Namibia,TBD,FWD,Ismaily; Smouha,
Mohamed El Sawy,Egypt,TBD,MID,Ismaily,
Mohamed Ammar,Egypt,TBD,DEF,Ismaily,
Islam Attia,Egypt,TBD,MID,Al Masry,
Ahmed Masoud,Egypt,TBD,GK,El Gouna; Al Masry,
Abdelrahim Daghmoum,Algeria,TBD,MID,ES Setif; Al Masry,
Hassan Ali,Egypt,TBD,MID,Al Masry,
Mounder Temine,Algeria,TBD,FWD,CS Constantine; Al Masry,
Bonheur Mugisha,Rwanda,TBD,MID,Stade Tunisien; Al Masry,
Oussama Zemraoui,Morocco,TBD,MID,Al Masry,
Ahmed Sharaf,Egypt,TBD,FWD,Al Masry,
Hassan Yehia,Egypt,TBD,DEF,Al Masry,
Mohamed El Desoky,Egypt,TBD,DEF,Ismaily; Al Masry,
Mohamed Koko,Egypt,TBD,GK,Ceramica Cleopatra,
Mohamed Tarek,Egypt,TBD,GK,El Sekka El Hadid; Ceramica Cleopatra,
Islam Reisha,Egypt,TBD,GK,Ceramica Cleopatra,
Justice Arthur,Ghana,TBD,DEF,Medeama; Ceramica Cleopatra,
Ahmed Abdin,Egypt,TBD,DEF,Al Ahly; Ceramica Cleopatra,
Ahmed Hany,Egypt,TBD,DEF,Ceramica Cleopatra,
Hema Mohamed,Egypt,TBD,MID,Ceramica Cleopatra,
Amr Kalawa,Egypt,TBD,MID,Ceramica Cleopatra,
David Simukonda,Zambia,TBD,MID,ZESCO United; Ceramica Cleopatra,
Ahmed Belhadji,Morocco,TBD,MID,Aswan; Ceramica Cleopatra,
Ayman Mukka,Egypt,TBD,FWD,Ceramica Cleopatra,
Favour Akem,Nigeria,TBD,FWD,Al Ittihad Alexandria; Ceramica Cleopatra,
Mohamed Abdallah,Egypt,TBD,FWD,Al Ahly; Ceramica Cleopatra,
Freddy Michael Kouablan,Côte d’Ivoire,TBD,FWD,ZESCO United; Ceramica Cleopatra,
Matthew Ojor,Nigeria,TBD,FWD,Ceramica Cleopatra,
Umar Abdulrauf,Ghana,TBD,FWD,Ceramica Cleopatra,
Ahmed Reda,Egypt,TBD,MID,Bank El Ahly; Al Ahly,
Bencharki,Egypt,TBD,MID,Ghazl El Mahalla; Bank El Ahly,
Ahmed El Nadry,Egypt,TBD,MID,Bank El Ahly,
Salah Bouchama,Algeria,TBD,MID,ES Setif; Bank El Ahly,
Moussa Diawara,Mali,TBD,FWD,Bank El Ahly,
Mohamed Aboul Gabal,Egypt,TBD,GK,ENPPI; Smouha; Bank El Ahly,
Osama Ibrahim,Egypt,TBD,DEF,Zamalek; ENPPI; Bank El Ahly,
Ahmed Sobhi,Egypt,TBD,DEF,ENPPI; Bank El Ahly,
Mohamed Essam,Egypt,TBD,FWD,Al Mokawloon; El Entag El Harby; Ceramica Cleopatra; Bank El Ahly,
Isaac Yakubu,Ghana,TBD,DEF,Wadi Degla; Bank El Ahly,
Mohamed Ashraf,Egypt,TBD,DEF,Tala'ea El Gaish; ENPPI; Al Ittihad Alexandria; Bank El Ahly,
Osama Ezzat,Egypt,TBD,DEF,Bank El Ahly,
Karim Hassan,Egypt,TBD,MID,Bank El Ahly,
Mohamed Grisha,Egypt,TBD,MID,Bank El Ahly,
Abdelaziz El Balouty,Egypt,TBD,GK,ENPPI; Bank El Ahly,
Mostafa Makhlouf,Egypt,TBD,GK,Al Ahly; Modern Sport,
Kamal El Sayed,Egypt,TBD,GK,Ismaily; Modern Sport,
Mohamed Rabia,Egypt,TBD,DEF,Modern Sport,
Ghannam Mohamed,Egypt,TBD,MID,El Entag El Harby; Modern Sport,
Ali Zazaa,Egypt,TBD,MID,Modern Sport,
Mohamed Mosaad,Egypt,TBD,FWD,Modern Sport,
Mahmoud Mamdouh,Egypt,TBD,FWD,Haras El Hodoud; Modern Sport,
Adem Redjem,Algeria,TBD,FWD,JS Kabylie; Modern Sport,
Diyaa El Sayed,Egypt,TBD,FWD,El Sekka El Hadid; Modern Sport,
Omar El Said El Desoky,Egypt,TBD,DEF,Modern Sport,
Ahmed Bahaa,Egypt,TBD,DEF,Modern Sport,
Abdelrahman Attef,Egypt,TBD,FWD,Modern Sport,
Ahmed Daoud,Egypt,TBD,MID,Modern Sport,
Sobhi Soliman,Egypt,TBD,GK,Al Ittihad Alexandria,
Abubakar Liadi,Nigeria,TBD,FWD,Al Ittihad Alexandria,
Youssry Wahid,Egypt,TBD,FWD,Al Ittihad Alexandria,
Islam Samir,Egypt,TBD,FWD,Al Ittihad Alexandria,
Hisham Salah,Egypt,TBD,DEF,Al Ittihad Alexandria,
Mamadou Niass,Senegal,TBD,FWD,Al Mokawloon; Al Ittihad Alexandria,
Romario Williams,Jamaica,TBD,FWD,Atlanta United; Al Ittihad Alexandria,
Benjamin Boateng,Ghana,TBD,FWD,El Gouna; Smouha; Al Ittihad Alexandria,
Naser Naser,Egypt,TBD,MID,Al Ittihad Alexandria,
Fawzi El Henawy,Egypt,TBD,MID,Al Ahly; Al Ittihad Alexandria,
Ahmed Nabil,Egypt,TBD,MID,Al Ittihad Alexandria,
Mabululu Jr.,Angola,TBD,FWD,Al Ittihad Alexandria,
Segun Oloruntoba,Nigeria,TBD,FWD,Rangers International; Al Ittihad Alexandria,
Mahmoud Dunga,Egypt,TBD,MID,Pyramids; Al Ittihad Alexandria,
Mohamed Shika,Egypt,TBD,GK,Pharco,
Ahmed Daador,Egypt,TBD,GK,Al Ittihad Alexandria; Pharco,
Abdelrahman Rashdan,Egypt,TBD,DEF,Al Ahly; Pharco,
Babacar Ndiaye,Senegal,TBD,DEF,Pharco,
Mohamed Fakhri,Egypt,TBD,MID,Pharco,
Yassin El Mallah,Egypt,TBD,MID,Pharco,
Gaber Kamel,Egypt,TBD,MID,Pharco,
Karim El Tayeb,Egypt,TBD,FWD,Pharco,
Ahmed Shaaban,Egypt,TBD,MID,Pharco,
Ramez Medhat,Egypt,TBD,FWD,Pharco,
Seif Emam,Egypt,TBD,DEF,Pharco,
Mahmoud Bolbol,Egypt,TBD,GK,Pharco,
Ashraf Magdy,Egypt,TBD,FWD,Pharco; Smouha,
Emad Mayhoub,Egypt,TBD,MID,Pharco; Pyramids,
Ahmed Sabeha,Egypt,TBD,DEF,ENPPI,
Ahmed Youssef,Egypt,TBD,MID,ENPPI,
Hazem Temsah,Egypt,TBD,FWD,ENPPI,
Omar Osama Hassan,Egypt,TBD,MID,ENPPI,
Ousseynou Bodian,Senegal,TBD,DEF,ENPPI,
Arafat Masoud,Egypt,TBD,MID,ENPPI,
Aboubacar Diarra,Mali,TBD,MID,ENPPI,
Ahmed Saber,Egypt,TBD,DEF,ENPPI,
Mostafa Shakshak,Egypt,TBD,MID,ENPPI,
Libasse Ngom,Senegal,TBD,DEF,ENPPI,
Mohamed Hamdi,Egypt,TBD,DEF,ENPPI; Pyramids,
Emad El Sayed,Egypt,TBD,GK,ENPPI,
Ali Fawzy,Egypt,TBD,DEF,ENPPI; Al Masry; Modern Sport,
Tarek Alaa,Egypt,TBD,DEF,Pyramids; ZED,
Kabaka,Egypt,TBD,MID,ZED,
Peter Zilu Mutumosi,DR Congo,TBD,MID,ZED,
Abdelrahman Emad,Egypt,TBD,MID,ZED,
Hamdy Alaa,Egypt,TBD,MID,ZED,
Muhammed Sawaneh,Gambia,TBD,MID,ZED,
Mostafa Soltan,Egypt,TBD,MID,ZED,
Bendary Mosaad,Egypt,TBD,DEF,ZED,
Mohamed Mazzika,Egypt,TBD,GK,ZED,
Abdelmonem Tamer,Egypt,TBD,GK,ZED,
Ahmed Tarek,Egypt,TBD,DEF,ZED,
Shady Ashraf,Egypt,TBD,MID,ZED,
Dilson,Angola,TBD,FWD,ZED,
Hussein Taimour,Egypt,TBD,GK,Smouha,
Mido Mostafa,Egypt,TBD,DEF,Smouha,
Mohamed Ragab,Egypt,TBD,DEF,Kahraba Ismailia; Smouha,
Sherif Reda,Egypt,TBD,DEF,Smouha,
Alia Sylla,Guinea,TBD,FWD,Smouha,
Ahmed Eid,Egypt,TBD,DEF,Al Masry; Al Ahly; Smouha,
Ahmed Adel Messi,Egypt,TBD,MID,El Dakhleya; Smouha,
Mohamed Essam El Taher,Egypt,TBD,MID,Smouha,
Mahmoud Abdel Aziz,Egypt,TBD,MID,Zamalek; Smouha,
Mohamed Nasr,Egypt,TBD,DEF,Ismaily; Smouha,
Ahmed Hakam,Egypt,TBD,DEF,Smouha,
Mohamed Ashraf,Egypt,TBD,DEF,Smouha,
Aliou Diedhiou,Senegal,TBD,FWD,Smouha,
Ahmed Yehia,Egypt,TBD,GK,El Entag El Harby; Al Ittihad Alexandria; Smouha,
Ali Suleiman,Eritrea,TBD,FWD,Kahraba Ismailia,
Freddy Ng'amba,Zambia,TBD,FWD,Kahraba Ismailia,
Mohamed Omar El Nour,Sudan,TBD,MID,Ghazl Suez,
Rogério,Brazil,TBD,FWD,Al Mokawloon,
Mohamed Alaa,Egypt,TBD,GK,El Gouna; National Bank; Egypt NT pool,
Body Samir,Egypt,TBD,GK,ENPPI; El Gouna,
Amr Hossam,Egypt,TBD,GK,Wadi Degla; Tala'ea El Gaish; Aswan,
Omar Salah,Egypt,TBD,GK,Zamalek; Smouha; Al Mokawloon; Petrojet,
Ziad Seyam,Egypt,TBD,GK,Wadi Degla,
Ahmed Ghandour,Egypt,TBD,GK,Al Masry; Haras El Hodoud,
Mohamed El Wakeel,Egypt,TBD,GK,Misr Lel Makkasa; Tala'ea El Gaish,
Islam Tarek,Egypt,TBD,GK,El Gouna; Tanta; Ghazl El Mahalla,
Ahmed El Araby,Egypt,TBD,GK,Al Mokawloon; El Entag El Harby,
Ahmed Fawzy,Egypt,TBD,GK,Al Mokawloon; Petrojet,
Roshdy Awad,Egypt,TBD,GK,El Masry; El Raja; Al Ittihad Alexandria,
Ali Farag,Egypt,TBD,GK,Petrojet; Al Masry; El Entag El Harby,
Ahmed Abdel Fattah,Egypt,TBD,GK,Petrojet; El Dakhleya,
Ahmed Nader El Sayed,Egypt,TBD,GK,Zamalek; Maritimo,
Mahmoud Hamdy,Egypt,TBD,GK,Misr Lel Makkasa; Al Masry,
Mohamed Abdel Nasser,Egypt,TBD,GK,Aswan; El Gouna,
Ahmed Kalosha,Egypt,TBD,DEF,ENPPI,
Mostafa El Aash,Egypt,TBD,DEF,Ghazl El Mahalla; ZED; Al Ahly,
Omar Fayed,Egypt,TBD,DEF,Al Mokawloon; Fenerbahçe; Novi Pazar,
Ahmed Meteb,Egypt,TBD,DEF,Tala'ea El Gaish,
Amr El Saadawy,Egypt,TBD,DEF,El Gouna; Al Masry,
Islam Abou Sleima,Egypt,TBD,DEF,Smouha; Al Masry; Al Ittihad Alexandria,
Hamada Tolba,Egypt,TBD,DEF,Smouha; Zamalek; Al Masry; Pyramids,
Ali Fathi,Egypt,TBD,DEF,Al Mokawloon; Zamalek; El Entag El Harby,
Tarek Taha,Egypt,TBD,DEF,Ismaily; Pyramids; Smouha,
Rajab Bakkar,Egypt,TBD,DEF,El Dakhleya; Pyramids; Ceramica Cleopatra,
Ahmed Shousha,Egypt,TBD,DEF,Al Mokawloon; El Gouna,
Mostafa Dowidar,Egypt,TBD,DEF,Ismaily; ENPPI,
Rami Bedawi,Egypt,TBD,DEF,Tala'ea El Gaish; El Gouna,
Ibrahim El Kady,Egypt,TBD,DEF,Al Masry; Haras El Hodoud; Al Ittihad Alexandria,
Mohamed Abdelrazek,Egypt,TBD,DEF,El Entag El Harby; Al Mokawloon,
Mahmoud El Badry,Egypt,TBD,DEF,Ismaily; Smouha,
Ahmed Mohsen,Egypt,TBD,DEF,El Gouna; Ceramica Cleopatra; Ismaily,
Ahmed Abdelrasoul,Egypt,TBD,DEF,Al Masry; Wadi Degla,
Mostafa Abdelraouf,Egypt,TBD,DEF,ENPPI; El Dakhleya,
Ibrahim El Sayed,Egypt,TBD,DEF,Al Masry; Smouha,
Ahmed Abdelghany,Egypt,TBD,DEF,Haras El Hodoud; Al Masry,
Ahmed Magdy Bassiouny,Egypt,TBD,DEF,Al Masry; Wadi Degla,
Abdel Rahman Farouk,Egypt,TBD,DEF,El Entag El Harby; Al Ittihad Alexandria,
Hisham Fathallah,Egypt,TBD,DEF,Al Mokawloon; El Dakhleya,
Ahmed Sabri,Egypt,TBD,DEF,Haras El Hodoud; Tala'ea El Gaish,
Mohamed Gamal,Egypt,TBD,DEF,El Dakhleya; Petrojet,
Hassan Hamdy,Egypt,TBD,DEF,Al Ahly,
Adel Heikal,Egypt,TBD,GK,Al Ahly,
Ekramy El-Shahat,Egypt,TBD,GK,Al Ahly,
Thabet El-Batal,Egypt,TBD,GK,Al Ahly,
Hassan Orabi,Egypt,TBD,GK,Zamalek,
Hassan Mokhtar,Egypt,TBD,GK,Ismaily; Zamalek,
Ayman Taher,Egypt,TBD,GK,Zamalek,
Ahmed Soliman,Egypt,TBD,GK,Zamalek,
Ahmed Ramzy,Egypt,TBD,DEF,Zamalek,
Mohamed Youssef,Egypt,TBD,DEF,Al Ahly,
Mahmoud Saad,Egypt,TBD,DEF,Zamalek,
Fawzi Gamal,Egypt,TBD,DEF,Ismaily,
Abdel Moneim Shatta,Egypt,TBD,DEF,Al Ahly,
Samir Mahmoud,Egypt,TBD,DEF,Al Ahly,
Mohamed Abo El-Dahab,Egypt,TBD,DEF,Al Ahly; Al Masry,
Tarek Soliman,Egypt,TBD,DEF,Al Ahly,
Ahmed El Gendy,Egypt,TBD,DEF,Ismaily; Al Masry,
Atef El-Tayeb,Egypt,TBD,DEF,Al Ahly,
Nana Antwi,Ghana,TBD,DEF,Dreams FC; Zamalek,
Jamilu Collins,Nigeria,TBD,DEF,Rijeka; Paderborn; Pyramids,
Richard Baffour,Ghana,TBD,DEF,Ismaily; Smouha,
Mohamed Ouattara,Côte d’Ivoire,TBD,DEF,Al Ahly; Petrojet,
Idrissa Coulibaly,Mali,TBD,DEF,Al Ahly; Raja Casablanca,
Moussa Kabore,Burkina Faso,TBD,DEF,Smouha; Al Masry,
Youssouf Kone,Mali,TBD,DEF,Lille; Lyon; El Gouna,
Lucas Galvao,Brazil,TBD,DEF,Ponte Preta; Pyramids,
Arthur Henrique,Brazil,TBD,DEF,Pyramids; Vorskla Poltava,
Kevin Rimane,French Guiana,TBD,DEF,Paris Saint-Germain; Ittihad Alexandria,
Lawrence Doe,Liberian,TBD,DEF,Al Ahly Tripoli; Ismaily; ENPPI,
Saliou Ciss,Senegal,TBD,DEF,Valenciennes; Angers; Al Masry,
Mohamed Camara,Guinea,TBD,DEF,Haras El Hodoud; Smouha,
Boubacar Diarra,Mali,TBD,DEF,ENPPI; El Dakhleya,
Khaled Sobhi,Egypt,TBD,DEF,Ceramica Cleopatra; ZED,
Mohamed Abdelaziz,Egypt,TBD,DEF,ENPPI; Al Mokawloon,
Abdelrahman Gamaan,Egypt,TBD,DEF,El Gouna; Aswan,
Ahmed Ashraf,Egypt,TBD,DEF,Al Ittihad Alexandria; El Dakhleya,
Mohamed El Sayed,Egypt,TBD,DEF,El Entag El Harby; Al Mokawloon,
Hassan Mohamed,Egypt,TBD,DEF,Haras El Hodoud; Ismaily,
Abdelrahman Shika,Egypt,TBD,DEF,ENPPI; Petrojet,
Mostafa Zaghloul,Egypt,TBD,DEF,Al Mokawloon; Wadi Degla,
Mohamed Abdel Baset,Egypt,TBD,DEF,El Gouna; Smouha,
Abdelrahman Farid,Egypt,TBD,GK,Al Ittihad Alexandria; Haras El Hodoud,
Mahmoud Gozlan,Egypt,TBD,DEF,Al Masry; Ismaily,
Osama El Azhari,Egypt,TBD,DEF,El Entag El Harby; Tala'ea El Gaish,
Ahmed Abdel Nabi,Egypt,TBD,DEF,El Dakhleya; Aswan,
Mahmoud Mansour,Egypt,TBD,DEF,Al Masry; Haras El Hodoud,
Khaled Samy,Egypt,TBD,DEF,Wadi Degla; Misr Lel Makkasa,
Mohamed Attwa,Egypt,TBD,DEF,Al Ittihad Alexandria; Al Masry,
Ahmed Salah,Egypt,TBD,DEF,Ismaily; El Dakhleya,
Yasser Ibrahim Farag,Egypt,TBD,DEF,Mansoura; Al Mokawloon,
Ahmed Said Oka,Egypt,TBD,DEF,Haras El Hodoud; Smouha; Wadi Degla,
Mohamed Mostafa,Egypt,TBD,DEF,El Gouna; ENPPI,
Mahmoud Ezzat,Egypt,TBD,DEF,Smouha; Al Mokawloon; El Gouna,
Abdelrahman Samir,Egypt,TBD,DEF,Wadi Degla; Al Ittihad Alexandria,
Hassan Yassin,Egypt,TBD,DEF,Al Mokawloon; Petrojet,
Ahmed Magdy Abdelrahman,Egypt,TBD,DEF,Ismaily; El Entag El Harby,
Ali Eid,Egypt,TBD,DEF,Al Mokawloon; Aswan,
Mohamed Abdel Hamid,Egypt,TBD,GK,Haras El Hodoud; Al Ittihad Alexandria,