citizenship_raw,player_count
Ukraine,1623
Russia,1598
Turkey,1394
Greece,1298
Scotland,1016
Serbia,896
Türkiye,786
Sweden,764
Poland,660
"Korea, South",610
Czech Republic,574
Norway,565
Romania,558
Saudi Arabia,493
Australia,473
Austria,421
Ghana,378
Ireland,276
Bosnia-Herzegovina,244
Slovakia,188
Albania,183
Mali,180
Slovenia,175
DR Congo,152
Wales,152
Paraguay,147
Chile,144
Israel,144
Georgia,137
Venezuela,137
Hungary,135
Canada,133
Kosovo,129
Guinea,128
Northern Ireland,127
Iceland,126
South Africa,126
Tunisia,122
Finland,122
Montenegro,118
Belarus,114
Cape Verde,114
Jamaica,111
North Macedonia,107
Ecuador,106
New Zealand,105
Peru,102
Bulgaria,100
Armenia,88
The Gambia,87
Guinea-Bissau,85
Angola,84
Costa Rica,83
Curacao,77
Lithuania,72
Burkina Faso,70
Uganda,69
Honduras,66
Comoros,66
Iraq,66
Moldova,63
Azerbaijan,62
Suriname,62
Bolivia,62
Cyprus,61
Panama,61
Thailand,60
Uzbekistan,58
Congo,58
China,58
Iran,56
Qatar,54
El Salvador,53
Estonia,52
Latvia,50
Oman,50
Dominican Republic,48
Vietnam,47
Togo,45
Philippines,45
Faroe Islands,45
Jordan,45
Tajikistan,44
Luxembourg,43
Ethiopia,43
Malta,42
Guadeloupe,41
Haiti,40
Kyrgyzstan,40
Chinese Taipei,38
Indonesia,38
Bangladesh,38
Martinique,37
Gabon,36
Kazakhstan,36
Andorra,36
Singapore,36
Hongkong,36
Libya,35
Sierra Leone,33
Myanmar,33
Puerto Rico,33
Gibraltar,30
Benin,29
Malaysia,29
Mauritania,29
Lebanon,29
Laos,29
Guatemala,27
United Arab Emirates,27
Zimbabwe,26
Zambia,24
Central African Republic,24
Cambodia,24
Equatorial Guinea,23
Madagascar,23
Kenya,23
Syria,22
Liberia,22
Trinidad and Tobago,21
India,21
Burundi,19
Mozambique,18
San Marino,16
Niger,13
Rwanda,10
Guyana,10
Palestine,10
Grenada,9
Antigua and Barbuda,9
French Guiana,8
Sao Tome and Principe,8
Aruba,6
Montserrat,6
Tanzania,6
Nicaragua,6
Barbados,5
Chad,5
Cuba,5
Somalia,5
Eritrea,4
Pakistan,4
Liechtenstein,4
St. Kitts & Nevis,4
St. Lucia,4
Saint-Martin,3
Malawi,3
Afghanistan,3
Fiji,3
Bonaire,3
Turkmenistan,2
Mauritius,2
Neukaledonien,2
Bermuda,2
New Caledonia,2
"Korea, North",2
Bahrain,2
Southern Sudan,2
Yemen,2
Tahiti,1
Réunion,1
Seychelles,1
Sri Lanka,1
Vanuatu,1
Papua New Guinea,1
Macao,1
Monaco,1
Brunei Darussalam,1
Sint Maarten,1
Mongolia,1
St. Vincent & Grenadinen,1
Botswana,1
Sudan,1
